This is XeTeX, Version 3.141592653-2.6-0.999998 (TeX Live 2026/Homebrew) (preloaded format=xelatex 2026.3.4)  27 JUL 2026 04:44
entering extended mode
 restricted \write18 enabled.
 file:line:error style messages enabled.
 %&-line parsing enabled.
**main.tex
(./main.tex
LaTeX2e <2025-11-01>
L3 programming layer <2026-01-19>

(/opt/homebrew/Cellar/texlive/20260301/share/texmf-dist/tex/latex/base/book.cls
Document Class: book 2025/01/22 v1.4n Standard LaTeX document class

(/opt/homebrew/Cellar/texlive/20260301/share/texmf-dist/tex/latex/base/bk12.clo
File: bk12.clo 2025/01/22 v1.4n Standard LaTeX file (size option)
)
\c@part=\count271
\c@chapter=\count272
\c@section=\count273
\c@subsection=\count274
\c@subsubsection=\count275
\c@paragraph=\count276
\c@subparagraph=\count277
\c@figure=\count278
\c@table=\count279
\abovecaptionskip=\skip49
\belowcaptionskip=\skip50
\bibindent=\dimen148
)
(/opt/homebrew/Cellar/texlive/20260301/share/texmf-dist/tex/latex/ctex/ctex.sty

(/opt/homebrew/Cellar/texlive/20260301/share/texmf-dist/tex/latex/l3kernel/expl
3.sty
Package: expl3 2026-01-19 L3 programming layer (loader) 

(/opt/homebrew/Cellar/texlive/20260301/share/texmf-dist/tex/latex/l3backend/l3b
ackend-xetex.def
File: l3backend-xetex.def 2025-10-09 L3 backend support: XeTeX
\g__graphics_track_int=\count280
\g__pdfannot_backend_int=\count281
\g__pdfannot_backend_link_int=\count282
))
Package: ctex 2022/07/14 v2.5.10 Chinese adapter in LaTeX (CTEX)

(/opt/homebrew/Cellar/texlive/20260301/share/texmf-dist/tex/latex/ctex/ctexhook
.sty
Package: ctexhook 2022/07/14 v2.5.10 Document and package hooks (CTEX)
)
(/opt/homebrew/Cellar/texlive/20260301/share/texmf-dist/tex/latex/ctex/ctexpatc
h.sty
Package: ctexpatch 2022/07/14 v2.5.10 Patching commands (CTEX)
)
(/opt/homebrew/Cellar/texlive/20260301/share/texmf-dist/tex/latex/base/fix-cm.s
ty
Package: fix-cm 2020/11/24 v1.1t fixes to LaTeX

(/opt/homebrew/Cellar/texlive/20260301/share/texmf-dist/tex/latex/base/ts1enc.d
ef
File: ts1enc.def 2001/06/05 v3.0e (jk/car/fm) Standard LaTeX file
LaTeX Font Info:    Redeclaring font encoding TS1 on input line 47.
LaTeX Encoding Info:    Redeclaring text command \capitalcedilla (encoding TS1)
 on input line 49.
LaTeX Encoding Info:    Redeclaring text command \capitalogonek (encoding TS1) 
on input line 52.
LaTeX Encoding Info:    Redeclaring text command \capitalgrave (encoding TS1) o
n input line 55.
LaTeX Encoding Info:    Redeclaring text command \capitalacute (encoding TS1) o
n input line 56.
LaTeX Encoding Info:    Redeclaring text command \capitalcircumflex (encoding T
S1) on input line 57.
LaTeX Encoding Info:    Redeclaring text command \capitaltilde (encoding TS1) o
n input line 58.
LaTeX Encoding Info:    Redeclaring text command \capitaldieresis (encoding TS1
) on input line 59.
LaTeX Encoding Info:    Redeclaring text command \capitalhungarumlaut (encoding
 TS1) on input line 60.
LaTeX Encoding Info:    Redeclaring text command \capitalring (encoding TS1) on
 input line 61.
LaTeX Encoding Info:    Redeclaring text command \capitalcaron (encoding TS1) o
n input line 62.
LaTeX Encoding Info:    Redeclaring text command \capitalbreve (encoding TS1) o
n input line 63.
LaTeX Encoding Info:    Redeclaring text command \capitalmacron (encoding TS1) 
on input line 64.
LaTeX Encoding Info:    Redeclaring text command \capitaldotaccent (encoding TS
1) on input line 65.
LaTeX Encoding Info:    Redeclaring text command \t (encoding TS1) on input lin
e 66.
LaTeX Encoding Info:    Redeclaring text command \capitaltie (encoding TS1) on 
input line 67.
LaTeX Encoding Info:    Redeclaring text command \newtie (encoding TS1) on inpu
t line 68.
LaTeX Encoding Info:    Redeclaring text command \capitalnewtie (encoding TS1) 
on input line 69.
LaTeX Encoding Info:    Redeclaring text symbol \textcapitalcompwordmark (encod
ing TS1) on input line 70.
LaTeX Encoding Info:    Redeclaring text symbol \textascendercompwordmark (enco
ding TS1) on input line 71.
LaTeX Encoding Info:    Redeclaring text symbol \textquotestraightbase (encodin
g TS1) on input line 72.
LaTeX Encoding Info:    Redeclaring text symbol \textquotestraightdblbase (enco
ding TS1) on input line 73.
LaTeX Encoding Info:    Redeclaring text symbol \texttwelveudash (encoding TS1)
 on input line 74.
LaTeX Encoding Info:    Redeclaring text symbol \textthreequartersemdash (encod
ing TS1) on input line 75.
LaTeX Encoding Info:    Redeclaring text symbol \textleftarrow (encoding TS1) o
n input line 76.
LaTeX Encoding Info:    Redeclaring text symbol \textrightarrow (encoding TS1) 
on input line 77.
LaTeX Encoding Info:    Redeclaring text symbol \textblank (encoding TS1) on in
put line 78.
LaTeX Encoding Info:    Redeclaring text symbol \textdollar (encoding TS1) on i
nput line 79.
LaTeX Encoding Info:    Redeclaring text symbol \textquotesingle (encoding TS1)
 on input line 80.
LaTeX Encoding Info:    Redeclaring text command \textasteriskcentered (encodin
g TS1) on input line 81.
LaTeX Encoding Info:    Redeclaring text symbol \textdblhyphen (encoding TS1) o
n input line 92.
LaTeX Encoding Info:    Redeclaring text symbol \textfractionsolidus (encoding 
TS1) on input line 93.
LaTeX Encoding Info:    Redeclaring text symbol \textzerooldstyle (encoding TS1
) on input line 94.
LaTeX Encoding Info:    Redeclaring text symbol \textoneoldstyle (encoding TS1)
 on input line 95.
LaTeX Encoding Info:    Redeclaring text symbol \texttwooldstyle (encoding TS1)
 on input line 96.
LaTeX Encoding Info:    Redeclaring text symbol \textthreeoldstyle (encoding TS
1) on input line 97.
LaTeX Encoding Info:    Redeclaring text symbol \textfouroldstyle (encoding TS1
) on input line 98.
LaTeX Encoding Info:    Redeclaring text symbol \textfiveoldstyle (encoding TS1
) on input line 99.
LaTeX Encoding Info:    Redeclaring text symbol \textsixoldstyle (encoding TS1)
 on input line 100.
LaTeX Encoding Info:    Redeclaring text symbol \textsevenoldstyle (encoding TS
1) on input line 101.
LaTeX Encoding Info:    Redeclaring text symbol \texteightoldstyle (encoding TS
1) on input line 102.
LaTeX Encoding Info:    Redeclaring text symbol \textnineoldstyle (encoding TS1
) on input line 103.
LaTeX Encoding Info:    Redeclaring text symbol \textlangle (encoding TS1) on i
nput line 104.
LaTeX Encoding Info:    Redeclaring text symbol \textminus (encoding TS1) on in
put line 105.
LaTeX Encoding Info:    Redeclaring text symbol \textrangle (encoding TS1) on i
nput line 106.
LaTeX Encoding Info:    Redeclaring text symbol \textmho (encoding TS1) on inpu
t line 107.
LaTeX Encoding Info:    Redeclaring text symbol \textbigcircle (encoding TS1) o
n input line 108.
LaTeX Encoding Info:    Redeclaring text command \textcircled (encoding TS1) on
 input line 109.
LaTeX Encoding Info:    Redeclaring text symbol \textohm (encoding TS1) on inpu
t line 115.
LaTeX Encoding Info:    Redeclaring text symbol \textlbrackdbl (encoding TS1) o
n input line 116.
LaTeX Encoding Info:    Redeclaring text symbol \textrbrackdbl (encoding TS1) o
n input line 117.
LaTeX Encoding Info:    Redeclaring text symbol \textuparrow (encoding TS1) on 
input line 118.
LaTeX Encoding Info:    Redeclaring text symbol \textdownarrow (encoding TS1) o
n input line 119.
LaTeX Encoding Info:    Redeclaring text symbol \textasciigrave (encoding TS1) 
on input line 120.
LaTeX Encoding Info:    Redeclaring text symbol \textborn (encoding TS1) on inp
ut line 121.
LaTeX Encoding Info:    Redeclaring text symbol \textdivorced (encoding TS1) on
 input line 122.
LaTeX Encoding Info:    Redeclaring text symbol \textdied (encoding TS1) on inp
ut line 123.
LaTeX Encoding Info:    Redeclaring text symbol \textleaf (encoding TS1) on inp
ut line 124.
LaTeX Encoding Info:    Redeclaring text symbol \textmarried (encoding TS1) on 
input line 125.
LaTeX Encoding Info:    Redeclaring text symbol \textmusicalnote (encoding TS1)
 on input line 126.
LaTeX Encoding Info:    Redeclaring text symbol \texttildelow (encoding TS1) on
 input line 127.
LaTeX Encoding Info:    Redeclaring text symbol \textdblhyphenchar (encoding TS
1) on input line 128.
LaTeX Encoding Info:    Redeclaring text symbol \textasciibreve (encoding TS1) 
on input line 129.
LaTeX Encoding Info:    Redeclaring text symbol \textasciicaron (encoding TS1) 
on input line 130.
LaTeX Encoding Info:    Redeclaring text symbol \textacutedbl (encoding TS1) on
 input line 131.
LaTeX Encoding Info:    Redeclaring text symbol \textgravedbl (encoding TS1) on
 input line 132.
LaTeX Encoding Info:    Redeclaring text symbol \textdagger (encoding TS1) on i
nput line 133.
LaTeX Encoding Info:    Redeclaring text symbol \textdaggerdbl (encoding TS1) o
n input line 134.
LaTeX Encoding Info:    Redeclaring text symbol \textbardbl (encoding TS1) on i
nput line 135.
LaTeX Encoding Info:    Redeclaring text symbol \textperthousand (encoding TS1)
 on input line 136.
LaTeX Encoding Info:    Redeclaring text symbol \textbullet (encoding TS1) on i
nput line 137.
LaTeX Encoding Info:    Redeclaring text symbol \textcelsius (encoding TS1) on 
input line 138.
LaTeX Encoding Info:    Redeclaring text symbol \textdollaroldstyle (encoding T
S1) on input line 139.
LaTeX Encoding Info:    Redeclaring text symbol \textcentoldstyle (encoding TS1
) on input line 140.
LaTeX Encoding Info:    Redeclaring text symbol \textflorin (encoding TS1) on i
nput line 141.
LaTeX Encoding Info:    Redeclaring text symbol \textcolonmonetary (encoding TS
1) on input line 142.
LaTeX Encoding Info:    Redeclaring text symbol \textwon (encoding TS1) on inpu
t line 143.
LaTeX Encoding Info:    Redeclaring text symbol \textnaira (encoding TS1) on in
put line 144.
LaTeX Encoding Info:    Redeclaring text symbol \textguarani (encoding TS1) on 
input line 145.
LaTeX Encoding Info:    Redeclaring text symbol \textpeso (encoding TS1) on inp
ut line 146.
LaTeX Encoding Info:    Redeclaring text symbol \textlira (encoding TS1) on inp
ut line 147.
LaTeX Encoding Info:    Redeclaring text symbol \textrecipe (encoding TS1) on i
nput line 148.
LaTeX Encoding Info:    Redeclaring text symbol \textinterrobang (encoding TS1)
 on input line 149.
LaTeX Encoding Info:    Redeclaring text symbol \textinterrobangdown (encoding 
TS1) on input line 150.
LaTeX Encoding Info:    Redeclaring text symbol \textdong (encoding TS1) on inp
ut line 151.
LaTeX Encoding Info:    Redeclaring text symbol \texttrademark (encoding TS1) o
n input line 152.
LaTeX Encoding Info:    Redeclaring text symbol \textpertenthousand (encoding T
S1) on input line 153.
LaTeX Encoding Info:    Redeclaring text symbol \textpilcrow (encoding TS1) on 
input line 154.
LaTeX Encoding Info:    Redeclaring text symbol \textbaht (encoding TS1) on inp
ut line 155.
LaTeX Encoding Info:    Redeclaring text symbol \textnumero (encoding TS1) on i
nput line 156.
LaTeX Encoding Info:    Redeclaring text symbol \textdiscount (encoding TS1) on
 input line 157.
LaTeX Encoding Info:    Redeclaring text symbol \textestimated (encoding TS1) o
n input line 158.
LaTeX Encoding Info:    Redeclaring text symbol \textopenbullet (encoding TS1) 
on input line 159.
LaTeX Encoding Info:    Redeclaring text symbol \textservicemark (encoding TS1)
 on input line 160.
LaTeX Encoding Info:    Redeclaring text symbol \textlquill (encoding TS1) on i
nput line 161.
LaTeX Encoding Info:    Redeclaring text symbol \textrquill (encoding TS1) on i
nput line 162.
LaTeX Encoding Info:    Redeclaring text symbol \textcent (encoding TS1) on inp
ut line 163.
LaTeX Encoding Info:    Redeclaring text symbol \textsterling (encoding TS1) on
 input line 164.
LaTeX Encoding Info:    Redeclaring text symbol \textcurrency (encoding TS1) on
 input line 165.
LaTeX Encoding Info:    Redeclaring text symbol \textyen (encoding TS1) on inpu
t line 166.
LaTeX Encoding Info:    Redeclaring text symbol \textbrokenbar (encoding TS1) o
n input line 167.
LaTeX Encoding Info:    Redeclaring text symbol \textsection (encoding TS1) on 
input line 168.
LaTeX Encoding Info:    Redeclaring text symbol \textasciidieresis (encoding TS
1) on input line 169.
LaTeX Encoding Info:    Redeclaring text symbol \textcopyright (encoding TS1) o
n input line 170.
LaTeX Encoding Info:    Redeclaring text symbol \textordfeminine (encoding TS1)
 on input line 171.
LaTeX Encoding Info:    Redeclaring text symbol \textcopyleft (encoding TS1) on
 input line 172.
LaTeX Encoding Info:    Redeclaring text symbol \textlnot (encoding TS1) on inp
ut line 173.
LaTeX Encoding Info:    Redeclaring text symbol \textcircledP (encoding TS1) on
 input line 174.
LaTeX Encoding Info:    Redeclaring text symbol \textregistered (encoding TS1) 
on input line 175.
LaTeX Encoding Info:    Redeclaring text symbol \textasciimacron (encoding TS1)
 on input line 176.
LaTeX Encoding Info:    Redeclaring text symbol \textdegree (encoding TS1) on i
nput line 177.
LaTeX Encoding Info:    Redeclaring text symbol \textpm (encoding TS1) on input
 line 178.
LaTeX Encoding Info:    Redeclaring text symbol \texttwosuperior (encoding TS1)
 on input line 179.
LaTeX Encoding Info:    Redeclaring text symbol \textthreesuperior (encoding TS
1) on input line 180.
LaTeX Encoding Info:    Redeclaring text symbol \textasciiacute (encoding TS1) 
on input line 181.
LaTeX Encoding Info:    Redeclaring text symbol \textmu (encoding TS1) on input
 line 182.
LaTeX Encoding Info:    Redeclaring text symbol \textparagraph (encoding TS1) o
n input line 183.
LaTeX Encoding Info:    Redeclaring text symbol \textperiodcentered (encoding T
S1) on input line 184.
LaTeX Encoding Info:    Redeclaring text symbol \textreferencemark (encoding TS
1) on input line 185.
LaTeX Encoding Info:    Redeclaring text symbol \textonesuperior (encoding TS1)
 on input line 186.
LaTeX Encoding Info:    Redeclaring text symbol \textordmasculine (encoding TS1
) on input line 187.
LaTeX Encoding Info:    Redeclaring text symbol \textsurd (encoding TS1) on inp
ut line 188.
LaTeX Encoding Info:    Redeclaring text symbol \textonequarter (encoding TS1) 
on input line 189.
LaTeX Encoding Info:    Redeclaring text symbol \textonehalf (encoding TS1) on 
input line 190.
LaTeX Encoding Info:    Redeclaring text symbol \textthreequarters (encoding TS
1) on input line 191.
LaTeX Encoding Info:    Redeclaring text symbol \texteuro (encoding TS1) on inp
ut line 192.
LaTeX Encoding Info:    Redeclaring text symbol \texttimes (encoding TS1) on in
put line 193.
LaTeX Encoding Info:    Redeclaring text symbol \textdiv (encoding TS1) on inpu
t line 194.
))
\l__ctex_tmp_int=\count283
\l__ctex_tmp_box=\box53
\l__ctex_tmp_dim=\dimen149
\g__ctex_section_depth_int=\count284
\g__ctex_font_size_int=\count285

(/opt/homebrew/Cellar/texlive/20260301/share/texmf-dist/tex/latex/ctex/config/c
texopts.cfg
File: ctexopts.cfg 2022/07/14 v2.5.10 Option configuration file (CTEX)
)
(/opt/homebrew/Cellar/texlive/20260301/share/texmf-dist/tex/latex/ctex/engine/c
tex-engine-xetex.def
File: ctex-engine-xetex.def 2022/07/14 v2.5.10 XeLaTeX adapter (CTEX)

(/opt/homebrew/Cellar/texlive/20260301/share/texmf-dist/tex/xelatex/xecjk/xeCJK
.sty
Package: xeCJK 2022/08/05 v3.9.1 Typesetting CJK scripts with XeLaTeX

(/opt/homebrew/Cellar/texlive/20260301/share/texmf-dist/tex/latex/l3packages/xt
emplate/xtemplate.sty
Package: xtemplate 2025-10-09 L3 Experimental prototype document functions
)
\l__xeCJK_tmp_int=\count286
\l__xeCJK_tmp_box=\box54
\l__xeCJK_tmp_dim=\dimen150
\l__xeCJK_tmp_skip=\skip51
\g__xeCJK_space_factor_int=\count287
\l__xeCJK_begin_int=\count288
\l__xeCJK_end_int=\count289
\c__xeCJK_CJK_class_int=\XeTeXcharclass1
\c__xeCJK_FullLeft_class_int=\XeTeXcharclass2
\c__xeCJK_FullRight_class_int=\XeTeXcharclass3
\c__xeCJK_HalfLeft_class_int=\XeTeXcharclass4
\c__xeCJK_HalfRight_class_int=\XeTeXcharclass5
\c__xeCJK_NormalSpace_class_int=\XeTeXcharclass6
\c__xeCJK_CM_class_int=\XeTeXcharclass7
\c__xeCJK_HangulJamo_class_int=\XeTeXcharclass8
\l__xeCJK_last_skip=\skip52
\c__xeCJK_none_node=\count290
\g__xeCJK_node_int=\count291
\c__xeCJK_CJK_node_dim=\dimen151
\c__xeCJK_CJK-space_node_dim=\dimen152
\c__xeCJK_default_node_dim=\dimen153
\c__xeCJK_CJK-widow_node_dim=\dimen154
\c__xeCJK_normalspace_node_dim=\dimen155
\c__xeCJK_default-space_node_skip=\skip53
\l__xeCJK_ccglue_skip=\skip54
\l__xeCJK_ecglue_skip=\skip55
\l__xeCJK_punct_kern_skip=\skip56
\l__xeCJK_indent_box=\box55
\l__xeCJK_last_penalty_int=\count292
\l__xeCJK_last_bound_dim=\dimen156
\l__xeCJK_last_kern_dim=\dimen157
\l__xeCJK_widow_penalty_int=\count293

LaTeX template Info: Declaring template type 'xeCJK/punctuation' taking 0
(template)           argument(s) on line 2396.

\l__xeCJK_fixed_punct_width_dim=\dimen158
\l__xeCJK_mixed_punct_width_dim=\dimen159
\l__xeCJK_middle_punct_width_dim=\dimen160
\l__xeCJK_fixed_margin_width_dim=\dimen161
\l__xeCJK_mixed_margin_width_dim=\dimen162
\l__xeCJK_middle_margin_width_dim=\dimen163
\l__xeCJK_bound_punct_width_dim=\dimen164
\l__xeCJK_bound_margin_width_dim=\dimen165
\l__xeCJK_margin_minimum_dim=\dimen166
\l__xeCJK_kerning_total_width_dim=\dimen167
\l__xeCJK_same_align_margin_dim=\dimen168
\l__xeCJK_different_align_margin_dim=\dimen169
\l__xeCJK_kerning_margin_width_dim=\dimen170
\l__xeCJK_kerning_margin_minimum_dim=\dimen171
\l__xeCJK_bound_dim=\dimen172
\l__xeCJK_reverse_bound_dim=\dimen173
\l__xeCJK_margin_dim=\dimen174
\l__xeCJK_minimum_bound_dim=\dimen175
\l__xeCJK_kerning_margin_dim=\dimen176
\g__xeCJK_family_int=\count294
\l__xeCJK_fam_int=\count295
\g__xeCJK_fam_allocation_int=\count296
\l__xeCJK_verb_case_int=\count297
\l__xeCJK_verb_exspace_skip=\skip57

(/opt/homebrew/Cellar/texlive/20260301/share/texmf-dist/tex/latex/fontspec/font
spec.sty
(/opt/homebrew/Cellar/texlive/20260301/share/texmf-dist/tex/latex/l3packages/xp
arse/xparse.sty
Package: xparse 2025-10-09 L3 Experimental document command parser
)
Package: fontspec 2025/09/29 v2.9g Font selection for XeLaTeX and LuaLaTeX

(/opt/homebrew/Cellar/texlive/20260301/share/texmf-dist/tex/latex/fontspec/font
spec-xetex.sty
Package: fontspec-xetex 2025/09/29 v2.9g Font selection for XeLaTeX and LuaLaTe
X
\l__fontspec_script_int=\count298
\l__fontspec_language_int=\count299
\l__fontspec_strnum_int=\count300
\l__fontspec_tmp_int=\count301
\l__fontspec_tmpa_int=\count302
\l__fontspec_tmpb_int=\count303
\l__fontspec_tmpc_int=\count304
\l__fontspec_em_int=\count305
\l__fontspec_emdef_int=\count306
\l__fontspec_strong_int=\count307
\l__fontspec_strongdef_int=\count308
\l__fontspec_tmpa_dim=\dimen177
\l__fontspec_tmpb_dim=\dimen178
\l__fontspec_tmpc_dim=\dimen179

(/opt/homebrew/Cellar/texlive/20260301/share/texmf-dist/tex/latex/base/fontenc.
sty
Package: fontenc 2025/07/18 v2.1d Standard LaTeX package
)
(/opt/homebrew/Cellar/texlive/20260301/share/texmf-dist/tex/latex/fontspec/font
spec.cfg)))
(/opt/homebrew/Cellar/texlive/20260301/share/texmf-dist/tex/xelatex/xecjk/xeCJK
.cfg
File: xeCJK.cfg 2022/08/05 v3.9.1 Configuration file for xeCJK package
))
\ccwd=\dimen180
\l__ctex_ccglue_skip=\skip58
)
\l__ctex_ziju_dim=\dimen181

(/opt/homebrew/Cellar/texlive/20260301/share/texmf-dist/tex/latex/zhnumber/zhnu
mber.sty
Package: zhnumber 2022/07/14 v3.0 Typesetting numbers with Chinese glyphs
\l__zhnum_scale_int=\count309
\l__zhnum_tmp_int=\count310

(/opt/homebrew/Cellar/texlive/20260301/share/texmf-dist/tex/latex/zhnumber/zhnu
mber-utf8.cfg
File: zhnumber-utf8.cfg 2022/07/14 v3.0 Chinese numerals with UTF8 encoding
))
(/opt/homebrew/Cellar/texlive/20260301/share/texmf-dist/tex/latex/ctex/scheme/c
tex-scheme-chinese.def
File: ctex-scheme-chinese.def 2022/07/14 v2.5.10 Chinese scheme for generic (CT
EX)

(/opt/homebrew/Cellar/texlive/20260301/share/texmf-dist/tex/latex/ctex/config/c
tex-name-utf8.cfg
File: ctex-name-utf8.cfg 2022/07/14 v2.5.10 Caption with encoding UTF-8 (CTEX)
))
(/opt/homebrew/Cellar/texlive/20260301/share/texmf-dist/tex/latex/tools/indentf
irst.sty
Package: indentfirst 2023/07/02 v1.03 Indent first paragraph (DPC)
))
(/opt/homebrew/Cellar/texlive/20260301/share/texmf-dist/tex/latex/ctex/config/c
tex.cfg
File: ctex.cfg 2022/07/14 v2.5.10 Configuration file (CTEX)
)

Package fontspec Info: 
(fontspec)             Script 'CJK' not explicitly supported within font
(fontspec)             'Songti SC'. Check the typeset output, and if it is
(fontspec)             okay then ignore this warning. Otherwise a different
(fontspec)             font should be chosen.


Package fontspec Info: 
(fontspec)             Could not resolve font "Songti SC/I" (it probably
(fontspec)             doesn't exist).


Package fontspec Info: 
(fontspec)             Font family 'SongtiSC(0)' created for font 'Songti SC'
(fontspec)             with options [Script={CJK}].
(fontspec)              
(fontspec)              This font family consists of the following NFSS
(fontspec)             series/shapes:
(fontspec)              
(fontspec)             - 'normal' (m/n) with NFSS spec.: <->"Songti
(fontspec)             SC/OT:script=hani;language=dflt;"
(fontspec)             - 'bold' (b/n) with NFSS spec.: <->"Songti
(fontspec)             SC/B/OT:script=hani;language=dflt;"
(fontspec)             - 'bold italic' (b/it) with NFSS spec.: <->"Songti
(fontspec)             SC/BI/OT:script=hani;language=dflt;"


Package fontspec Info: 
(fontspec)             Font family 'TimesNewRoman(0)' created for font 'Times
(fontspec)             New Roman' with options [Ligatures=TeX].
(fontspec)              
(fontspec)              This font family consists of the following NFSS
(fontspec)             series/shapes:
(fontspec)              
(fontspec)             - 'normal' (m/n) with NFSS spec.: <->"Times New
(fontspec)             Roman/OT:script=latn;language=dflt;mapping=tex-text;"
(fontspec)             - 'bold' (b/n) with NFSS spec.: <->"Times New
(fontspec)             Roman/B/OT:script=latn;language=dflt;mapping=tex-text;"
(fontspec)             - 'italic' (m/it) with NFSS spec.: <->"Times New
(fontspec)             Roman/I/OT:script=latn;language=dflt;mapping=tex-text;"
(fontspec)             - 'bold italic' (b/it) with NFSS spec.: <->"Times New
(fontspec)             Roman/BI/OT:script=latn;language=dflt;mapping=tex-text;"



Package fontspec Info: 
(fontspec)             Font family 'Helvetica(0)' created for font 'Helvetica'
(fontspec)             with options [Ligatures=TeX].
(fontspec)              
(fontspec)              This font family consists of the following NFSS
(fontspec)             series/shapes:
(fontspec)              
(fontspec)             - 'normal' (m/n) with NFSS spec.:
(fontspec)             <->"Helvetica/AAT:mapping=tex-text;"
(fontspec)             - 'bold' (b/n) with NFSS spec.:
(fontspec)             <->"Helvetica/B/AAT:mapping=tex-text;"
(fontspec)             - 'italic' (m/it) with NFSS spec.:
(fontspec)             <->"Helvetica/I/AAT:mapping=tex-text;"
(fontspec)             - 'bold italic' (b/it) with NFSS spec.:
(fontspec)             <->"Helvetica/BI/AAT:mapping=tex-text;"


Package fontspec Info: 
(fontspec)             Font family 'Menlo(0)' created for font 'Menlo' with
(fontspec)             options
(fontspec)             [WordSpace={1,0,0},HyphenChar=None,PunctuationSpace=Word
Space].
(fontspec)              
(fontspec)              This font family consists of the following NFSS
(fontspec)             series/shapes:
(fontspec)              
(fontspec)             - 'normal' (m/n) with NFSS spec.: <->"Menlo/AAT"
(fontspec)             - 'bold' (b/n) with NFSS spec.: <->"Menlo/B/AAT"
(fontspec)             - 'italic' (m/it) with NFSS spec.: <->"Menlo/I/AAT"
(fontspec)             - 'bold italic' (b/it) with NFSS spec.:
(fontspec)             <->"Menlo/BI/AAT"


(/opt/homebrew/Cellar/texlive/20260301/share/texmf-dist/tex/latex/unicode-math/
unicode-math.sty
Package: unicode-math 2023/08/13 v0.8r Unicode maths in XeLaTeX and LuaLaTeX

(/opt/homebrew/Cellar/texlive/20260301/share/texmf-dist/tex/latex/unicode-math/
unicode-math-xetex.sty
Package: unicode-math-xetex 2023/08/13 v0.8r Unicode maths in XeLaTeX and LuaLa
TeX

(/opt/homebrew/Cellar/texlive/20260301/share/texmf-dist/tex/latex/l3packages/l3
keys2e/l3keys2e.sty
Package: l3keys2e 2025-10-09 LaTeX2e option processing using LaTeX3 keys
)
(/opt/homebrew/Cellar/texlive/20260301/share/texmf-dist/tex/latex/amsmath/amsma
th.sty
Package: amsmath 2025/07/09 v2.17z AMS math features
\@mathmargin=\skip59

For additional information on amsmath, use the `?' option.

(/opt/homebrew/Cellar/texlive/20260301/share/texmf-dist/tex/latex/amsmath/amste
xt.sty
Package: amstext 2024/11/17 v2.01 AMS text

(/opt/homebrew/Cellar/texlive/20260301/share/texmf-dist/tex/latex/amsmath/amsge
n.sty
File: amsgen.sty 1999/11/30 v2.0 generic functions
\@emptytoks=\toks17
\ex@=\dimen182
))
(/opt/homebrew/Cellar/texlive/20260301/share/texmf-dist/tex/latex/amsmath/amsbs
y.sty
Package: amsbsy 1999/11/29 v1.2d Bold Symbols
\pmbraise@=\dimen183
)
(/opt/homebrew/Cellar/texlive/20260301/share/texmf-dist/tex/latex/amsmath/amsop
n.sty
Package: amsopn 2022/04/08 v2.04 operator names
)
\inf@bad=\count311
LaTeX Info: Redefining \frac on input line 233.
\uproot@=\count312
\leftroot@=\count313
LaTeX Info: Redefining \overline on input line 398.
LaTeX Info: Redefining \colon on input line 409.
\classnum@=\count314
\DOTSCASE@=\count315
LaTeX Info: Redefining \ldots on input line 495.
LaTeX Info: Redefining \dots on input line 498.
LaTeX Info: Redefining \cdots on input line 619.
\Mathstrutbox@=\box56
\strutbox@=\box57
LaTeX Info: Redefining \big on input line 721.
LaTeX Info: Redefining \Big on input line 722.
LaTeX Info: Redefining \bigg on input line 723.
LaTeX Info: Redefining \Bigg on input line 724.
\big@size=\dimen184
LaTeX Font Info:    Redeclaring font encoding OML on input line 742.
LaTeX Font Info:    Redeclaring font encoding OMS on input line 743.
\macc@depth=\count316
LaTeX Info: Redefining \bmod on input line 904.
LaTeX Info: Redefining \pmod on input line 909.
LaTeX Info: Redefining \smash on input line 939.
LaTeX Info: Redefining \relbar on input line 969.
LaTeX Info: Redefining \Relbar on input line 970.
\c@MaxMatrixCols=\count317
\dotsspace@=\muskip17
\c@parentequation=\count318
\dspbrk@lvl=\count319
\tag@help=\toks18
\row@=\count320
\column@=\count321
\maxfields@=\count322
\andhelp@=\toks19
\eqnshift@=\dimen185
\alignsep@=\dimen186
\tagshift@=\dimen187
\tagwidth@=\dimen188
\totwidth@=\dimen189
\lineht@=\dimen190
\@envbody=\toks20
\multlinegap=\skip60
\multlinetaggap=\skip61
\mathdisplay@stack=\toks21
LaTeX Info: Redefining \[ on input line 2950.
LaTeX Info: Redefining \] on input line 2951.
)
\g__um_fam_int=\count323
\g__um_fonts_used_int=\count324
\l__um_primecount_int=\count325
\g__um_primekern_muskip=\muskip18

(/opt/homebrew/Cellar/texlive/20260301/share/texmf-dist/tex/latex/unicode-math/
unicode-math-table.tex)))

Package fontspec Info: 
(fontspec)             Could not resolve font "STIX Two Math/B" (it probably
(fontspec)             doesn't exist).


Package fontspec Info: 
(fontspec)             Font family 'STIXTwoMath(0)' created for font 'STIX Two
(fontspec)             Math' with options
(fontspec)             [BoldItalicFont={},ItalicFont={},SmallCapsFont={},Script
=Math].
(fontspec)              
(fontspec)              This font family consists of the following NFSS
(fontspec)             series/shapes:
(fontspec)              
(fontspec)             - 'normal' (m/n) with NFSS spec.: <->"STIX Two
(fontspec)             Math/OT:script=math;language=dflt;"


Package fontspec Info: 
(fontspec)             Could not resolve font "STIX Two Math/B" (it probably
(fontspec)             doesn't exist).


Package fontspec Info: 
(fontspec)             Font family 'STIXTwoMath(1)' created for font 'STIX Two
(fontspec)             Math' with options
(fontspec)             [BoldItalicFont={},ItalicFont={},SmallCapsFont={},Script
=Math,SizeFeatures={{Size=10.2-},{Size=7.5-10.2,Font=STIX
(fontspec)             Two Math,Style=MathScript},{Size=-7.5,Font=STIX Two
(fontspec)             Math,Style=MathScriptScript}}].
(fontspec)              
(fontspec)              This font family consists of the following NFSS
(fontspec)             series/shapes:
(fontspec)              
(fontspec)             - 'normal' (m/n) with NFSS spec.: <10.2->"STIX Two
(fontspec)             Math/OT:script=math;language=dflt;"<7.5-10.2>"STIX Two
(fontspec)             Math/OT:script=math;language=dflt;+ssty=0;"<-7.5>"STIX
(fontspec)             Two Math/OT:script=math;language=dflt;+ssty=1;"

LaTeX Font Info:    Encoding `OT1' has changed to `TU' for symbol font
(Font)              `operators' in the math version `normal' on input line 15.
LaTeX Font Info:    Overwriting symbol font `operators' in version `normal'
(Font)                  OT1/cmr/m/n --> TU/STIXTwoMath(1)/m/n on input line 15.

LaTeX Font Info:    Encoding `OT1' has changed to `TU' for symbol font
(Font)              `operators' in the math version `bold' on input line 15.
LaTeX Font Info:    Overwriting symbol font `operators' in version `bold'
(Font)                  OT1/cmr/bx/n --> TU/STIXTwoMath(1)/b/n on input line 15
.

Package fontspec Info: 
(fontspec)             STIX Two Math scale = 1.0001.


Package fontspec Info: 
(fontspec)             Could not resolve font "STIX Two Math/B" (it probably
(fontspec)             doesn't exist).


Package fontspec Info: 
(fontspec)             STIX Two Math scale = 1.0001.


Package fontspec Info: 
(fontspec)             STIX Two Math scale = 1.0001.


Package fontspec Info: 
(fontspec)             STIX Two Math scale = 1.0001.


Package fontspec Info: 
(fontspec)             Font family 'STIXTwoMath(2)' created for font 'STIX Two
(fontspec)             Math' with options
(fontspec)             [BoldItalicFont={},ItalicFont={},SmallCapsFont={},Script
=Math,SizeFeatures={{Size=10.2-},{Size=7.5-10.2,Font=STIX
(fontspec)             Two Math,Style=MathScript},{Size=-7.5,Font=STIX Two
(fontspec)             Math,Style=MathScriptScript}},ScaleAgain=1.0001,FontAdju
stment={\fontdimen
(fontspec)             8\font =7.68pt\relax \fontdimen 9\font =7.02pt\relax
(fontspec)             \fontdimen 10\font =5.64pt\relax \fontdimen 11\font
(fontspec)             =7.68pt\relax \fontdimen 12\font =7.02pt\relax
(fontspec)             \fontdimen 13\font =4.32pt\relax \fontdimen 14\font
(fontspec)             =4.32pt\relax \fontdimen 15\font =3.024pt\relax
(fontspec)             \fontdimen 16\font =2.52pt\relax \fontdimen 17\font
(fontspec)             =2.52pt\relax \fontdimen 18\font =2.76pt\relax
(fontspec)             \fontdimen 19\font =1.92pt\relax \fontdimen 22\font
(fontspec)             =3.096pt\relax \fontdimen 20\font =0pt\relax \fontdimen
(fontspec)             21\font =0pt\relax }].
(fontspec)              
(fontspec)              This font family consists of the following NFSS
(fontspec)             series/shapes:
(fontspec)              
(fontspec)             - 'normal' (m/n) with NFSS spec.:
(fontspec)             <10.2->s*[1.0001]"STIX Two
(fontspec)             Math/OT:script=math;language=dflt;"<7.5-10.2>s*[1.0001]"
STIX
(fontspec)             Two
(fontspec)             Math/OT:script=math;language=dflt;+ssty=0;"<-7.5>s*[1.00
01]"STIX
(fontspec)             Two Math/OT:script=math;language=dflt;+ssty=1;"

LaTeX Font Info:    Encoding `OMS' has changed to `TU' for symbol font
(Font)              `symbols' in the math version `normal' on input line 15.
LaTeX Font Info:    Overwriting symbol font `symbols' in version `normal'
(Font)                  OMS/cmsy/m/n --> TU/STIXTwoMath(2)/m/n on input line 15
.
LaTeX Font Info:    Encoding `OMS' has changed to `TU' for symbol font
(Font)              `symbols' in the math version `bold' on input line 15.
LaTeX Font Info:    Overwriting symbol font `symbols' in version `bold'
(Font)                  OMS/cmsy/b/n --> TU/STIXTwoMath(2)/b/n on input line 15
.

Package fontspec Info: 
(fontspec)             STIX Two Math scale = 0.9999.


Package fontspec Info: 
(fontspec)             Could not resolve font "STIX Two Math/B" (it probably
(fontspec)             doesn't exist).


Package fontspec Info: 
(fontspec)             STIX Two Math scale = 0.9999.


Package fontspec Info: 
(fontspec)             STIX Two Math scale = 0.9999.


Package fontspec Info: 
(fontspec)             STIX Two Math scale = 0.9999.


Package fontspec Info: 
(fontspec)             Font family 'STIXTwoMath(3)' created for font 'STIX Two
(fontspec)             Math' with options
(fontspec)             [BoldItalicFont={},ItalicFont={},SmallCapsFont={},Script
=Math,SizeFeatures={{Size=10.2-},{Size=7.5-10.2,Font=STIX
(fontspec)             Two Math,Style=MathScript},{Size=-7.5,Font=STIX Two
(fontspec)             Math,Style=MathScriptScript}},ScaleAgain=0.9999,FontAdju
stment={\fontdimen
(fontspec)             8\font =0.816pt\relax \fontdimen 9\font =1.62pt\relax
(fontspec)             \fontdimen 10\font =1.62pt\relax \fontdimen 11\font
(fontspec)             =3.6pt\relax \fontdimen 12\font =8.04pt\relax
(fontspec)             \fontdimen 13\font =0pt\relax }].
(fontspec)              
(fontspec)              This font family consists of the following NFSS
(fontspec)             series/shapes:
(fontspec)              
(fontspec)             - 'normal' (m/n) with NFSS spec.:
(fontspec)             <10.2->s*[0.9999]"STIX Two
(fontspec)             Math/OT:script=math;language=dflt;"<7.5-10.2>s*[0.9999]"
STIX
(fontspec)             Two
(fontspec)             Math/OT:script=math;language=dflt;+ssty=0;"<-7.5>s*[0.99
99]"STIX
(fontspec)             Two Math/OT:script=math;language=dflt;+ssty=1;"

LaTeX Font Info:    Encoding `OMX' has changed to `TU' for symbol font
(Font)              `largesymbols' in the math version `normal' on input line 1
5.
LaTeX Font Info:    Overwriting symbol font `largesymbols' in version `normal'
(Font)                  OMX/cmex/m/n --> TU/STIXTwoMath(3)/m/n on input line 15
.
LaTeX Font Info:    Encoding `OMX' has changed to `TU' for symbol font
(Font)              `largesymbols' in the math version `bold' on input line 15.

LaTeX Font Info:    Overwriting symbol font `largesymbols' in version `bold'
(Font)                  OMX/cmex/m/n --> TU/STIXTwoMath(3)/b/n on input line 15
.

(/opt/homebrew/Cellar/texlive/20260301/share/texmf-dist/tex/latex/geometry/geom
etry.sty
Package: geometry 2020/01/02 v5.9 Page Geometry

(/opt/homebrew/Cellar/texlive/20260301/share/texmf-dist/tex/latex/graphics/keyv
al.sty
Package: keyval 2022/05/29 v1.15 key=value parser (DPC)
\KV@toks@=\toks22
)
(/opt/homebrew/Cellar/texlive/20260301/share/texmf-dist/tex/generic/iftex/ifvte
x.sty
Package: ifvtex 2019/10/25 v1.7 ifvtex legacy package. Use iftex instead.

(/opt/homebrew/Cellar/texlive/20260301/share/texmf-dist/tex/generic/iftex/iftex
.sty
Package: iftex 2024/12/12 v1.0g TeX engine tests
))
\Gm@cnth=\count326
\Gm@cntv=\count327
\c@Gm@tempcnt=\count328
\Gm@bindingoffset=\dimen191
\Gm@wd@mp=\dimen192
\Gm@odd@mp=\dimen193
\Gm@even@mp=\dimen194
\Gm@layoutwidth=\dimen195
\Gm@layoutheight=\dimen196
\Gm@layouthoffset=\dimen197
\Gm@layoutvoffset=\dimen198
\Gm@dimlist=\toks23
)
(/opt/homebrew/Cellar/texlive/20260301/share/texmf-dist/tex/latex/fancyhdr/fanc
yhdr.sty
Package: fancyhdr 2025/02/07 v5.2 Extensive control of page headers and footers

\f@nch@headwidth=\skip62
\f@nch@offset@elh=\skip63
\f@nch@offset@erh=\skip64
\f@nch@offset@olh=\skip65
\f@nch@offset@orh=\skip66
\f@nch@offset@elf=\skip67
\f@nch@offset@erf=\skip68
\f@nch@offset@olf=\skip69
\f@nch@offset@orf=\skip70
\f@nch@height=\skip71
\f@nch@footalignment=\skip72
\f@nch@widthL=\skip73
\f@nch@widthC=\skip74
\f@nch@widthR=\skip75
\@temptokenb=\toks24
)
(/opt/homebrew/Cellar/texlive/20260301/share/texmf-dist/tex/latex/hyperref/hype
rref.sty
Package: hyperref 2026-01-29 v7.01p Hypertext links for LaTeX

(/opt/homebrew/Cellar/texlive/20260301/share/texmf-dist/tex/latex/kvsetkeys/kvs
etkeys.sty
Package: kvsetkeys 2022-10-05 v1.19 Key value parser (HO)
)
(/opt/homebrew/Cellar/texlive/20260301/share/texmf-dist/tex/generic/kvdefinekey
s/kvdefinekeys.sty
Package: kvdefinekeys 2019-12-19 v1.6 Define keys (HO)
)
(/opt/homebrew/Cellar/texlive/20260301/share/texmf-dist/tex/generic/pdfescape/p
dfescape.sty
Package: pdfescape 2019/12/09 v1.15 Implements pdfTeX's escape features (HO)

(/opt/homebrew/Cellar/texlive/20260301/share/texmf-dist/tex/generic/ltxcmds/ltx
cmds.sty
Package: ltxcmds 2023-12-04 v1.26 LaTeX kernel commands for general use (HO)
)
(/opt/homebrew/Cellar/texlive/20260301/share/texmf-dist/tex/generic/pdftexcmds/
pdftexcmds.sty
Package: pdftexcmds 2020-06-27 v0.33 Utility functions of pdfTeX for LuaTeX (HO
)

(/opt/homebrew/Cellar/texlive/20260301/share/texmf-dist/tex/generic/infwarerr/i
nfwarerr.sty
Package: infwarerr 2019/12/03 v1.5 Providing info/warning/error messages (HO)
)
Package pdftexcmds Info: \pdf@primitive is available.
Package pdftexcmds Info: \pdf@ifprimitive is available.
Package pdftexcmds Info: \pdfdraftmode not found.
))
(/opt/homebrew/Cellar/texlive/20260301/share/texmf-dist/tex/latex/hycolor/hycol
or.sty
Package: hycolor 2020-01-27 v1.10 Color options for hyperref/bookmark (HO)
)
(/opt/homebrew/Cellar/texlive/20260301/share/texmf-dist/tex/latex/hyperref/name
ref.sty
Package: nameref 2026-01-29 v2.58 Cross-referencing by name of section

(/opt/homebrew/Cellar/texlive/20260301/share/texmf-dist/tex/latex/refcount/refc
ount.sty
Package: refcount 2019/12/15 v3.6 Data extraction from label references (HO)
)
(/opt/homebrew/Cellar/texlive/20260301/share/texmf-dist/tex/generic/gettitlestr
ing/gettitlestring.sty
Package: gettitlestring 2019/12/15 v1.6 Cleanup title references (HO)

(/opt/homebrew/Cellar/texlive/20260301/share/texmf-dist/tex/latex/kvoptions/kvo
ptions.sty
Package: kvoptions 2022-06-15 v3.15 Key value format for package options (HO)
))
\c@section@level=\count329
)
(/opt/homebrew/Cellar/texlive/20260301/share/texmf-dist/tex/latex/etoolbox/etoo
lbox.sty
Package: etoolbox 2025/10/02 v2.5m e-TeX tools for LaTeX (JAW)
\etb@tempcnta=\count330
)
(/opt/homebrew/Cellar/texlive/20260301/share/texmf-dist/tex/generic/stringenc/s
tringenc.sty
Package: stringenc 2019/11/29 v1.12 Convert strings between diff. encodings (HO
)
)
\@linkdim=\dimen199
\Hy@linkcounter=\count331
\Hy@pagecounter=\count332

(/opt/homebrew/Cellar/texlive/20260301/share/texmf-dist/tex/latex/hyperref/pd1e
nc.def
File: pd1enc.def 2026-01-29 v7.01p Hyperref: PDFDocEncoding definition (HO)
)
(/opt/homebrew/Cellar/texlive/20260301/share/texmf-dist/tex/generic/intcalc/int
calc.sty
Package: intcalc 2019/12/15 v1.3 Expandable calculations with integers (HO)
)
\Hy@SavedSpaceFactor=\count333

(/opt/homebrew/Cellar/texlive/20260301/share/texmf-dist/tex/latex/hyperref/puen
c.def
File: puenc.def 2026-01-29 v7.01p Hyperref: PDF Unicode definition (HO)
)
Package hyperref Info: Option `unicode' set `true' on input line 4072.
Package hyperref Info: Hyper figures OFF on input line 4201.
Package hyperref Info: Link nesting OFF on input line 4206.
Package hyperref Info: Hyper index ON on input line 4209.
Package hyperref Info: Plain pages OFF on input line 4216.
Package hyperref Info: Backreferencing OFF on input line 4221.
Package hyperref Info: Implicit mode ON; LaTeX internals redefined.
Package hyperref Info: Bookmarks ON on input line 4468.
\c@Hy@tempcnt=\count334

(/opt/homebrew/Cellar/texlive/20260301/share/texmf-dist/tex/latex/url/url.sty
\Urlmuskip=\muskip19
Package: url 2013/09/16  ver 3.4  Verb mode for urls, etc.
)
LaTeX Info: Redefining \url on input line 4807.
\XeTeXLinkMargin=\dimen256

(/opt/homebrew/Cellar/texlive/20260301/share/texmf-dist/tex/generic/bitset/bits
et.sty
Package: bitset 2019/12/09 v1.3 Handle bit-vector datatype (HO)

(/opt/homebrew/Cellar/texlive/20260301/share/texmf-dist/tex/generic/bigintcalc/
bigintcalc.sty
Package: bigintcalc 2019/12/15 v1.5 Expandable calculations on big integers (HO
)
))
\Fld@menulength=\count335
\Field@Width=\dimen257
\Fld@charsize=\dimen258
Package hyperref Info: Hyper figures OFF on input line 6084.
Package hyperref Info: Link nesting OFF on input line 6089.
Package hyperref Info: Hyper index ON on input line 6092.
Package hyperref Info: backreferencing OFF on input line 6099.
Package hyperref Info: Link coloring OFF on input line 6104.
Package hyperref Info: Link coloring with OCG OFF on input line 6109.
Package hyperref Info: PDF/A mode OFF on input line 6114.
\Hy@abspage=\count336
\c@Item=\count337
\c@Hfootnote=\count338
)
Package hyperref Info: Driver (autodetected): hxetex.

(/opt/homebrew/Cellar/texlive/20260301/share/texmf-dist/tex/latex/hyperref/hxet
ex.def
File: hxetex.def 2026-01-29 v7.01p Hyperref driver for XeTeX
\pdfm@box=\box58
\c@Hy@AnnotLevel=\count339
\HyField@AnnotCount=\count340
\Fld@listcount=\count341
\c@bookmark@seq@number=\count342

(/opt/homebrew/Cellar/texlive/20260301/share/texmf-dist/tex/latex/rerunfilechec
k/rerunfilecheck.sty
Package: rerunfilecheck 2025-06-21 v1.11 Rerun checks for auxiliary files (HO)

(/opt/homebrew/Cellar/texlive/20260301/share/texmf-dist/tex/generic/uniquecount
er/uniquecounter.sty
Package: uniquecounter 2019/12/15 v1.4 Provide unlimited unique counter (HO)
)
Package uniquecounter Info: New unique counter `rerunfilecheck' on input line 2
84.
)
\Hy@SectionHShift=\skip76
)
Package hyperref Info: Option `colorlinks' set `true' on input line 19.

(/opt/homebrew/Cellar/texlive/20260301/share/texmf-dist/tex/latex/subfiles/subf
iles.sty
Package: subfiles 2020/11/14 v2.2 Multi-file projects (package)

(/opt/homebrew/Cellar/texlive/20260301/share/texmf-dist/tex/latex/import/import
.sty
Package: import 2020/04/01  v 6.2
))
(/opt/homebrew/Cellar/texlive/20260301/share/texmf-dist/tex/latex/pgf/frontendl
ayer/tikz.sty
(/opt/homebrew/Cellar/texlive/20260301/share/texmf-dist/tex/latex/pgf/basiclaye
r/pgf.sty
(/opt/homebrew/Cellar/texlive/20260301/share/texmf-dist/tex/latex/pgf/utilities
/pgfrcs.sty
(/opt/homebrew/Cellar/texlive/20260301/share/texmf-dist/tex/generic/pgf/utiliti
es/pgfutil-common.tex
\pgfutil@everybye=\toks25
\pgfutil@tempdima=\dimen259
\pgfutil@tempdimb=\dimen260
)
(/opt/homebrew/Cellar/texlive/20260301/share/texmf-dist/tex/generic/pgf/utiliti
es/pgfutil-latex.def
\pgfutil@abb=\box59
)
(/opt/homebrew/Cellar/texlive/20260301/share/texmf-dist/tex/generic/pgf/utiliti
es/pgfrcs.code.tex
(/opt/homebrew/Cellar/texlive/20260301/share/texmf-dist/tex/generic/pgf/pgf.rev
ision.tex)
Package: pgfrcs 2025-08-29 v3.1.11a (3.1.11a)
))
Package: pgf 2025-08-29 v3.1.11a (3.1.11a)

(/opt/homebrew/Cellar/texlive/20260301/share/texmf-dist/tex/latex/pgf/basiclaye
r/pgfcore.sty
(/opt/homebrew/Cellar/texlive/20260301/share/texmf-dist/tex/latex/graphics/grap
hicx.sty
Package: graphicx 2024/12/31 v1.2e Enhanced LaTeX Graphics (DPC,SPQR)

(/opt/homebrew/Cellar/texlive/20260301/share/texmf-dist/tex/latex/graphics/grap
hics.sty
Package: graphics 2024/08/06 v1.4g Standard LaTeX Graphics (DPC,SPQR)

(/opt/homebrew/Cellar/texlive/20260301/share/texmf-dist/tex/latex/graphics/trig
.sty
Package: trig 2023/12/02 v1.11 sin cos tan (DPC)
)
(/opt/homebrew/Cellar/texlive/20260301/share/texmf-dist/tex/latex/graphics-cfg/
graphics.cfg
File: graphics.cfg 2016/06/04 v1.11 sample graphics configuration
)
Package graphics Info: Driver file: xetex.def on input line 106.

(/opt/homebrew/Cellar/texlive/20260301/share/texmf-dist/tex/latex/graphics-def/
xetex.def
File: xetex.def 2025/11/01 v5.0p Graphics/color driver for xetex
))
\Gin@req@height=\dimen261
\Gin@req@width=\dimen262
)
(/opt/homebrew/Cellar/texlive/20260301/share/texmf-dist/tex/latex/pgf/systemlay
er/pgfsys.sty
(/opt/homebrew/Cellar/texlive/20260301/share/texmf-dist/tex/generic/pgf/systeml
ayer/pgfsys.code.tex
Package: pgfsys 2025-08-29 v3.1.11a (3.1.11a)

(/opt/homebrew/Cellar/texlive/20260301/share/texmf-dist/tex/generic/pgf/utiliti
es/pgfkeys.code.tex
\pgfkeys@pathtoks=\toks26
\pgfkeys@temptoks=\toks27

(/opt/homebrew/Cellar/texlive/20260301/share/texmf-dist/tex/generic/pgf/utiliti
es/pgfkeyslibraryfiltered.code.tex
\pgfkeys@tmptoks=\toks28
))
\pgf@x=\dimen263
\pgf@y=\dimen264
\pgf@xa=\dimen265
\pgf@ya=\dimen266
\pgf@xb=\dimen267
\pgf@yb=\dimen268
\pgf@xc=\dimen269
\pgf@yc=\dimen270
\pgf@xd=\dimen271
\pgf@yd=\dimen272
\w@pgf@writea=\write3
\r@pgf@reada=\read2
\c@pgf@counta=\count343
\c@pgf@countb=\count344
\c@pgf@countc=\count345
\c@pgf@countd=\count346
\t@pgf@toka=\toks29
\t@pgf@tokb=\toks30
\t@pgf@tokc=\toks31
\pgf@sys@id@count=\count347

(/opt/homebrew/Cellar/texlive/20260301/share/texmf-dist/tex/generic/pgf/systeml
ayer/pgf.cfg
File: pgf.cfg 2025-08-29 v3.1.11a (3.1.11a)
)
Driver file for pgf: pgfsys-xetex.def

(/opt/homebrew/Cellar/texlive/20260301/share/texmf-dist/tex/generic/pgf/systeml
ayer/pgfsys-xetex.def
File: pgfsys-xetex.def 2025-08-29 v3.1.11a (3.1.11a)

(/opt/homebrew/Cellar/texlive/20260301/share/texmf-dist/tex/generic/pgf/systeml
ayer/pgfsys-dvipdfmx.def
File: pgfsys-dvipdfmx.def 2025-08-29 v3.1.11a (3.1.11a)

(/opt/homebrew/Cellar/texlive/20260301/share/texmf-dist/tex/generic/pgf/systeml
ayer/pgfsys-common-pdf.def
File: pgfsys-common-pdf.def 2025-08-29 v3.1.11a (3.1.11a)
)
\pgfsys@objnum=\count348
)))
(/opt/homebrew/Cellar/texlive/20260301/share/texmf-dist/tex/generic/pgf/systeml
ayer/pgfsyssoftpath.code.tex
File: pgfsyssoftpath.code.tex 2025-08-29 v3.1.11a (3.1.11a)
\pgfsyssoftpath@smallbuffer@items=\count349
\pgfsyssoftpath@bigbuffer@items=\count350
)
(/opt/homebrew/Cellar/texlive/20260301/share/texmf-dist/tex/generic/pgf/systeml
ayer/pgfsysprotocol.code.tex
File: pgfsysprotocol.code.tex 2025-08-29 v3.1.11a (3.1.11a)
))
(/opt/homebrew/Cellar/texlive/20260301/share/texmf-dist/tex/latex/xcolor/xcolor
.sty
Package: xcolor 2024/09/29 v3.02 LaTeX color extensions (UK)

(/opt/homebrew/Cellar/texlive/20260301/share/texmf-dist/tex/latex/graphics-cfg/
color.cfg
File: color.cfg 2016/01/02 v1.6 sample color configuration
)
Package xcolor Info: Driver file: xetex.def on input line 274.

(/opt/homebrew/Cellar/texlive/20260301/share/texmf-dist/tex/latex/graphics/math
color.ltx)
Package xcolor Info: Model `cmy' substituted by `cmy0' on input line 1349.
Package xcolor Info: Model `RGB' extended on input line 1365.
Package xcolor Info: Model `HTML' substituted by `rgb' on input line 1367.
Package xcolor Info: Model `Hsb' substituted by `hsb' on input line 1368.
Package xcolor Info: Model `tHsb' substituted by `hsb' on input line 1369.
Package xcolor Info: Model `HSB' substituted by `hsb' on input line 1370.
Package xcolor Info: Model `Gray' substituted by `gray' on input line 1371.
Package xcolor Info: Model `wave' substituted by `hsb' on input line 1372.
)
(/opt/homebrew/Cellar/texlive/20260301/share/texmf-dist/tex/generic/pgf/basicla
yer/pgfcore.code.tex
Package: pgfcore 2025-08-29 v3.1.11a (3.1.11a)

(/opt/homebrew/Cellar/texlive/20260301/share/texmf-dist/tex/generic/pgf/math/pg
fmath.code.tex
(/opt/homebrew/Cellar/texlive/20260301/share/texmf-dist/tex/generic/pgf/math/pg
fmathutil.code.tex)
(/opt/homebrew/Cellar/texlive/20260301/share/texmf-dist/tex/generic/pgf/math/pg
fmathparser.code.tex
\pgfmath@dimen=\dimen273
\pgfmath@count=\count351
\pgfmath@box=\box60
\pgfmath@toks=\toks32
\pgfmath@stack@operand=\toks33
\pgfmath@stack@operation=\toks34
)
(/opt/homebrew/Cellar/texlive/20260301/share/texmf-dist/tex/generic/pgf/math/pg
fmathfunctions.code.tex)
(/opt/homebrew/Cellar/texlive/20260301/share/texmf-dist/tex/generic/pgf/math/pg
fmathfunctions.basic.code.tex)
(/opt/homebrew/Cellar/texlive/20260301/share/texmf-dist/tex/generic/pgf/math/pg
fmathfunctions.trigonometric.code.tex)
(/opt/homebrew/Cellar/texlive/20260301/share/texmf-dist/tex/generic/pgf/math/pg
fmathfunctions.random.code.tex)
(/opt/homebrew/Cellar/texlive/20260301/share/texmf-dist/tex/generic/pgf/math/pg
fmathfunctions.comparison.code.tex)
(/opt/homebrew/Cellar/texlive/20260301/share/texmf-dist/tex/generic/pgf/math/pg
fmathfunctions.base.code.tex)
(/opt/homebrew/Cellar/texlive/20260301/share/texmf-dist/tex/generic/pgf/math/pg
fmathfunctions.round.code.tex)
(/opt/homebrew/Cellar/texlive/20260301/share/texmf-dist/tex/generic/pgf/math/pg
fmathfunctions.misc.code.tex)
(/opt/homebrew/Cellar/texlive/20260301/share/texmf-dist/tex/generic/pgf/math/pg
fmathfunctions.integerarithmetics.code.tex)
(/opt/homebrew/Cellar/texlive/20260301/share/texmf-dist/tex/generic/pgf/math/pg
fmathcalc.code.tex)
(/opt/homebrew/Cellar/texlive/20260301/share/texmf-dist/tex/generic/pgf/math/pg
fmathfloat.code.tex
\c@pgfmathroundto@lastzeros=\count352
))
(/opt/homebrew/Cellar/texlive/20260301/share/texmf-dist/tex/generic/pgf/math/pg
fint.code.tex)
(/opt/homebrew/Cellar/texlive/20260301/share/texmf-dist/tex/generic/pgf/basicla
yer/pgfcorepoints.code.tex
File: pgfcorepoints.code.tex 2025-08-29 v3.1.11a (3.1.11a)
\pgf@picminx=\dimen274
\pgf@picmaxx=\dimen275
\pgf@picminy=\dimen276
\pgf@picmaxy=\dimen277
\pgf@pathminx=\dimen278
\pgf@pathmaxx=\dimen279
\pgf@pathminy=\dimen280
\pgf@pathmaxy=\dimen281
\pgf@xx=\dimen282
\pgf@xy=\dimen283
\pgf@yx=\dimen284
\pgf@yy=\dimen285
\pgf@zx=\dimen286
\pgf@zy=\dimen287
)
(/opt/homebrew/Cellar/texlive/20260301/share/texmf-dist/tex/generic/pgf/basicla
yer/pgfcorepathconstruct.code.tex
File: pgfcorepathconstruct.code.tex 2025-08-29 v3.1.11a (3.1.11a)
\pgf@path@lastx=\dimen288
\pgf@path@lasty=\dimen289
)
(/opt/homebrew/Cellar/texlive/20260301/share/texmf-dist/tex/generic/pgf/basicla
yer/pgfcorepathusage.code.tex
File: pgfcorepathusage.code.tex 2025-08-29 v3.1.11a (3.1.11a)
\pgf@shorten@end@additional=\dimen290
\pgf@shorten@start@additional=\dimen291
)
(/opt/homebrew/Cellar/texlive/20260301/share/texmf-dist/tex/generic/pgf/basicla
yer/pgfcorescopes.code.tex
File: pgfcorescopes.code.tex 2025-08-29 v3.1.11a (3.1.11a)
\pgfpic=\box61
\pgf@hbox=\box62
\pgf@layerbox@main=\box63
\pgf@picture@serial@count=\count353
)
(/opt/homebrew/Cellar/texlive/20260301/share/texmf-dist/tex/generic/pgf/basicla
yer/pgfcoregraphicstate.code.tex
File: pgfcoregraphicstate.code.tex 2025-08-29 v3.1.11a (3.1.11a)
\pgflinewidth=\dimen292
)
(/opt/homebrew/Cellar/texlive/20260301/share/texmf-dist/tex/generic/pgf/basicla
yer/pgfcoretransformations.code.tex
File: pgfcoretransformations.code.tex 2025-08-29 v3.1.11a (3.1.11a)
\pgf@pt@x=\dimen293
\pgf@pt@y=\dimen294
\pgf@pt@temp=\dimen295
)
(/opt/homebrew/Cellar/texlive/20260301/share/texmf-dist/tex/generic/pgf/basicla
yer/pgfcorequick.code.tex
File: pgfcorequick.code.tex 2025-08-29 v3.1.11a (3.1.11a)
)
(/opt/homebrew/Cellar/texlive/20260301/share/texmf-dist/tex/generic/pgf/basicla
yer/pgfcoreobjects.code.tex
File: pgfcoreobjects.code.tex 2025-08-29 v3.1.11a (3.1.11a)
)
(/opt/homebrew/Cellar/texlive/20260301/share/texmf-dist/tex/generic/pgf/basicla
yer/pgfcorepathprocessing.code.tex
File: pgfcorepathprocessing.code.tex 2025-08-29 v3.1.11a (3.1.11a)
)
(/opt/homebrew/Cellar/texlive/20260301/share/texmf-dist/tex/generic/pgf/basicla
yer/pgfcorearrows.code.tex
File: pgfcorearrows.code.tex 2025-08-29 v3.1.11a (3.1.11a)
\pgfarrowsep=\dimen296
)
(/opt/homebrew/Cellar/texlive/20260301/share/texmf-dist/tex/generic/pgf/basicla
yer/pgfcoreshade.code.tex
File: pgfcoreshade.code.tex 2025-08-29 v3.1.11a (3.1.11a)
\pgf@max=\dimen297
\pgf@sys@shading@range@num=\count354
\pgf@shadingcount=\count355
)
(/opt/homebrew/Cellar/texlive/20260301/share/texmf-dist/tex/generic/pgf/basicla
yer/pgfcoreimage.code.tex
File: pgfcoreimage.code.tex 2025-08-29 v3.1.11a (3.1.11a)
)
(/opt/homebrew/Cellar/texlive/20260301/share/texmf-dist/tex/generic/pgf/basicla
yer/pgfcoreexternal.code.tex
File: pgfcoreexternal.code.tex 2025-08-29 v3.1.11a (3.1.11a)
\pgfexternal@startupbox=\box64
)
(/opt/homebrew/Cellar/texlive/20260301/share/texmf-dist/tex/generic/pgf/basicla
yer/pgfcorelayers.code.tex
File: pgfcorelayers.code.tex 2025-08-29 v3.1.11a (3.1.11a)
)
(/opt/homebrew/Cellar/texlive/20260301/share/texmf-dist/tex/generic/pgf/basicla
yer/pgfcoretransparency.code.tex
File: pgfcoretransparency.code.tex 2025-08-29 v3.1.11a (3.1.11a)
)
(/opt/homebrew/Cellar/texlive/20260301/share/texmf-dist/tex/generic/pgf/basicla
yer/pgfcorepatterns.code.tex
File: pgfcorepatterns.code.tex 2025-08-29 v3.1.11a (3.1.11a)
)
(/opt/homebrew/Cellar/texlive/20260301/share/texmf-dist/tex/generic/pgf/basicla
yer/pgfcorerdf.code.tex
File: pgfcorerdf.code.tex 2025-08-29 v3.1.11a (3.1.11a)
)))
(/opt/homebrew/Cellar/texlive/20260301/share/texmf-dist/tex/generic/pgf/modules
/pgfmoduleshapes.code.tex
File: pgfmoduleshapes.code.tex 2025-08-29 v3.1.11a (3.1.11a)
\pgfnodeparttextbox=\box65
)
(/opt/homebrew/Cellar/texlive/20260301/share/texmf-dist/tex/generic/pgf/modules
/pgfmoduleplot.code.tex
File: pgfmoduleplot.code.tex 2025-08-29 v3.1.11a (3.1.11a)
)
(/opt/homebrew/Cellar/texlive/20260301/share/texmf-dist/tex/latex/pgf/compatibi
lity/pgfcomp-version-0-65.sty
Package: pgfcomp-version-0-65 2025-08-29 v3.1.11a (3.1.11a)
\pgf@nodesepstart=\dimen298
\pgf@nodesepend=\dimen299
)
(/opt/homebrew/Cellar/texlive/20260301/share/texmf-dist/tex/latex/pgf/compatibi
lity/pgfcomp-version-1-18.sty
Package: pgfcomp-version-1-18 2025-08-29 v3.1.11a (3.1.11a)
))
(/opt/homebrew/Cellar/texlive/20260301/share/texmf-dist/tex/latex/pgf/utilities
/pgffor.sty
(/opt/homebrew/Cellar/texlive/20260301/share/texmf-dist/tex/latex/pgf/utilities
/pgfkeys.sty
(/opt/homebrew/Cellar/texlive/20260301/share/texmf-dist/tex/generic/pgf/utiliti
es/pgfkeys.code.tex))
(/opt/homebrew/Cellar/texlive/20260301/share/texmf-dist/tex/latex/pgf/math/pgfm
ath.sty
(/opt/homebrew/Cellar/texlive/20260301/share/texmf-dist/tex/generic/pgf/math/pg
fmath.code.tex))
(/opt/homebrew/Cellar/texlive/20260301/share/texmf-dist/tex/generic/pgf/utiliti
es/pgffor.code.tex
Package: pgffor 2025-08-29 v3.1.11a (3.1.11a)
\pgffor@iter=\dimen300
\pgffor@skip=\dimen301
\pgffor@stack=\toks35
\pgffor@toks=\toks36
))
(/opt/homebrew/Cellar/texlive/20260301/share/texmf-dist/tex/generic/pgf/fronten
dlayer/tikz/tikz.code.tex
Package: tikz 2025-08-29 v3.1.11a (3.1.11a)

(/opt/homebrew/Cellar/texlive/20260301/share/texmf-dist/tex/generic/pgf/librari
es/pgflibraryplothandlers.code.tex
File: pgflibraryplothandlers.code.tex 2025-08-29 v3.1.11a (3.1.11a)
\pgf@plot@mark@count=\count356
\pgfplotmarksize=\dimen302
)
\tikz@lastx=\dimen303
\tikz@lasty=\dimen304
\tikz@lastxsaved=\dimen305
\tikz@lastysaved=\dimen306
\tikz@lastmovetox=\dimen307
\tikz@lastmovetoy=\dimen308
\tikzleveldistance=\dimen309
\tikzsiblingdistance=\dimen310
\tikz@figbox=\box66
\tikz@figbox@bg=\box67
\tikz@tempbox=\box68
\tikz@tempbox@bg=\box69
\tikztreelevel=\count357
\tikznumberofchildren=\count358
\tikznumberofcurrentchild=\count359
\tikz@fig@count=\count360

(/opt/homebrew/Cellar/texlive/20260301/share/texmf-dist/tex/generic/pgf/modules
/pgfmodulematrix.code.tex
File: pgfmodulematrix.code.tex 2025-08-29 v3.1.11a (3.1.11a)
\pgfmatrixcurrentrow=\count361
\pgfmatrixcurrentcolumn=\count362
\pgf@matrix@numberofcolumns=\count363
)
\tikz@expandcount=\count364

(/opt/homebrew/Cellar/texlive/20260301/share/texmf-dist/tex/generic/pgf/fronten
dlayer/tikz/libraries/tikzlibrarytopaths.code.tex
File: tikzlibrarytopaths.code.tex 2025-08-29 v3.1.11a (3.1.11a)
)))
(/opt/homebrew/Cellar/texlive/20260301/share/texmf-dist/tex/generic/pgf/fronten
dlayer/tikz/libraries/tikzlibraryshapes.geometric.code.tex
File: tikzlibraryshapes.geometric.code.tex 2025-08-29 v3.1.11a (3.1.11a)

(/opt/homebrew/Cellar/texlive/20260301/share/texmf-dist/tex/generic/pgf/librari
es/shapes/pgflibraryshapes.geometric.code.tex
File: pgflibraryshapes.geometric.code.tex 2025-08-29 v3.1.11a (3.1.11a)
))
(/opt/homebrew/Cellar/texlive/20260301/share/texmf-dist/tex/generic/pgf/librari
es/pgflibraryarrows.meta.code.tex
File: pgflibraryarrows.meta.code.tex 2025-08-29 v3.1.11a (3.1.11a)
\pgfarrowinset=\dimen311
\pgfarrowlength=\dimen312
\pgfarrowwidth=\dimen313
\pgfarrowlinewidth=\dimen314
)
(/opt/homebrew/Cellar/texlive/20260301/share/texmf-dist/tex/generic/pgf/fronten
dlayer/tikz/libraries/tikzlibrarypositioning.code.tex
File: tikzlibrarypositioning.code.tex 2025-08-29 v3.1.11a (3.1.11a)
)
(/opt/homebrew/Cellar/texlive/20260301/share/texmf-dist/tex/generic/pgf/fronten
dlayer/tikz/libraries/tikzlibraryshadows.code.tex
File: tikzlibraryshadows.code.tex 2025-08-29 v3.1.11a (3.1.11a)

(/opt/homebrew/Cellar/texlive/20260301/share/texmf-dist/tex/generic/pgf/fronten
dlayer/tikz/libraries/tikzlibraryfadings.code.tex
File: tikzlibraryfadings.code.tex 2025-08-29 v3.1.11a (3.1.11a)

(/opt/homebrew/Cellar/texlive/20260301/share/texmf-dist/tex/generic/pgf/librari
es/pgflibraryfadings.code.tex
File: pgflibraryfadings.code.tex 2025-08-29 v3.1.11a (3.1.11a)
)))
(/opt/homebrew/Cellar/texlive/20260301/share/texmf-dist/tex/generic/pgf/fronten
dlayer/tikz/libraries/tikzlibrarycalc.code.tex
File: tikzlibrarycalc.code.tex 2025-08-29 v3.1.11a (3.1.11a)
)
(/opt/homebrew/Cellar/texlive/20260301/share/texmf-dist/tex/generic/pgf/fronten
dlayer/tikz/libraries/tikzlibraryfit.code.tex
File: tikzlibraryfit.code.tex 2025-08-29 v3.1.11a (3.1.11a)
)
(/opt/homebrew/Cellar/texlive/20260301/share/texmf-dist/tex/generic/pgf/fronten
dlayer/tikz/libraries/tikzlibrarytrees.code.tex
File: tikzlibrarytrees.code.tex 2025-08-29 v3.1.11a (3.1.11a)
)
(/opt/homebrew/Cellar/texlive/20260301/share/texmf-dist/tex/latex/tcolorbox/tco
lorbox.sty
Package: tcolorbox 2025/11/28 version 6.9.0 text color boxes

(/opt/homebrew/Cellar/texlive/20260301/share/texmf-dist/tex/latex/tools/verbati
m.sty
Package: verbatim 2024-01-22 v1.5x LaTeX2e package for verbatim enhancements
\every@verbatim=\toks37
\verbatim@line=\toks38
\verbatim@in@stream=\read3
)
(/opt/homebrew/Cellar/texlive/20260301/share/texmf-dist/tex/latex/environ/envir
on.sty
Package: environ 2014/05/04 v0.3 A new way to define environments

(/opt/homebrew/Cellar/texlive/20260301/share/texmf-dist/tex/latex/trimspaces/tr
imspaces.sty
Package: trimspaces 2009/09/17 v1.1 Trim spaces around a token list
))
\tcb@titlebox=\box70
\tcb@upperbox=\box71
\tcb@lowerbox=\box72
\tcb@phantombox=\box73
\c@tcbbreakpart=\count365
\c@tcblayer=\count366
\c@tcolorbox@number=\count367
\l__tcobox_tmpa_box=\box74
\l__tcobox_tmpa_dim=\dimen315
\tcb@temp=\box75
\tcb@temp=\box76
\tcb@temp=\box77
\tcb@temp=\box78

(/opt/homebrew/Cellar/texlive/20260301/share/texmf-dist/tex/latex/tcolorbox/tcb
raster.code.tex
Library (tcolorbox): 'tcbraster.code.tex' version '6.9.0'
\c@tcbrastercolumn=\count368
\c@tcbrasterrow=\count369
\c@tcbrasternum=\count370
\c@tcbraster=\count371
)
(/opt/homebrew/Cellar/texlive/20260301/share/texmf-dist/tex/latex/tcolorbox/tcb
skins.code.tex
Library (tcolorbox): 'tcbskins.code.tex' version '6.9.0'

(/opt/homebrew/Cellar/texlive/20260301/share/texmf-dist/tex/latex/tikzfill/tikz
fill.image.sty
Package: tikzfill.image 2023/08/08 v1.0.1 Image filling library for TikZ

(/opt/homebrew/Cellar/texlive/20260301/share/texmf-dist/tex/latex/tikzfill/tikz
fill-common.sty
Package: tikzfill-common 2023/08/08 v1.0.1 Auxiliary code for tikzfill
)
(/opt/homebrew/Cellar/texlive/20260301/share/texmf-dist/tex/latex/tikzfill/tikz
libraryfill.image.code.tex
File: tikzlibraryfill.image.code.tex 2023/08/08 v1.0.1 Image filling library
\l__tikzfill_img_box=\box79
))
(/opt/homebrew/Cellar/texlive/20260301/share/texmf-dist/tex/latex/tcolorbox/tcb
skinsjigsaw.code.tex
Library (tcolorbox): 'tcbskinsjigsaw.code.tex' version '6.9.0'
))
(/opt/homebrew/Cellar/texlive/20260301/share/texmf-dist/tex/latex/tcolorbox/tcb
breakable.code.tex
Library (tcolorbox): 'tcbbreakable.code.tex' version '6.9.0'

(/opt/homebrew/Cellar/texlive/20260301/share/texmf-dist/tex/latex/pdfcol/pdfcol
.sty
Package: pdfcol 2022-09-21 v1.7 Handle new color stacks for pdfTeX (HO)
Package pdfcol Info: Interface disabled because of missing PDF mode of pdfTeX.
)
Package pdfcol Info: pdfTeX's color stacks are not available.
\tcb@testbox=\box80
\tcb@totalupperbox=\box81
\tcb@totallowerbox=\box82
)
(/opt/homebrew/Cellar/texlive/20260301/share/texmf-dist/tex/latex/tcolorbox/tcb
hooks.code.tex
Library (tcolorbox): 'tcbhooks.code.tex' version '6.9.0'
)
(/opt/homebrew/Cellar/texlive/20260301/share/texmf-dist/tex/latex/tcolorbox/tcb
theorems.code.tex
Library (tcolorbox): 'tcbtheorems.code.tex' version '6.9.0'
)
(/opt/homebrew/Cellar/texlive/20260301/share/texmf-dist/tex/latex/tcolorbox/tcb
fitting.code.tex
Library (tcolorbox): 'tcbfitting.code.tex' version '6.9.0'
\tcbfitdim=\dimen316
\tcb@lowerfitdim=\dimen317
\tcb@upperfitdim=\dimen318
\tcb@cur@hbadness=\count372
)
(/opt/homebrew/Cellar/texlive/20260301/share/texmf-dist/tex/latex/tcolorbox/tcb
listingsutf8.code.tex
Library (tcolorbox): 'tcblistingsutf8.code.tex' version '6.9.0'

(/opt/homebrew/Cellar/texlive/20260301/share/texmf-dist/tex/latex/tcolorbox/tcb
listings.code.tex
Library (tcolorbox): 'tcblistings.code.tex' version '6.9.0'

(/opt/homebrew/Cellar/texlive/20260301/share/texmf-dist/tex/latex/listings/list
ings.sty
\lst@mode=\count373
\lst@gtempboxa=\box83
\lst@token=\toks39
\lst@length=\count374
\lst@currlwidth=\dimen319
\lst@column=\count375
\lst@pos=\count376
\lst@lostspace=\dimen320
\lst@width=\dimen321
\lst@newlines=\count377
\lst@lineno=\count378
\lst@maxwidth=\dimen322

(/opt/homebrew/Cellar/texlive/20260301/share/texmf-dist/tex/latex/listings/lstp
atch.sty
File: lstpatch.sty 2025/11/14 1.11b (Carsten Heinz)
)
(/opt/homebrew/Cellar/texlive/20260301/share/texmf-dist/tex/latex/listings/lstm
isc.sty
File: lstmisc.sty 2025/11/14 1.11b (Carsten Heinz)
\c@lstnumber=\count379
\lst@skipnumbers=\count380
\lst@framebox=\box84
)
(/opt/homebrew/Cellar/texlive/20260301/share/texmf-dist/tex/latex/listings/list
ings.cfg
File: listings.cfg 2025/11/14 1.11b listings configuration
))
Package: listings 2025/11/14 1.11b (Carsten Heinz)

(/opt/homebrew/Cellar/texlive/20260301/share/texmf-dist/tex/xelatex/xecjk/xeCJK
-listings.sty
Package: xeCJK-listings 2022/08/05 v3.9.1 xeCJK patch file for listings
\l__xeCJK_listings_max_char_int=\count381
\l__xeCJK_listings_flag_int=\count382
)
==> First Aid for listings.sty no longer applied!
    Expected:
        2024/09/23 1.10c (Carsten Heinz)
    but found:
        2025/11/14 1.11b (Carsten Heinz)
    so I'm assuming it got fixed.

(/opt/homebrew/Cellar/texlive/20260301/share/texmf-dist/tex/latex/tcolorbox/tcb
listingscore.code.tex
Library (tcolorbox): 'tcblistingscore.code.tex' version '6.9.0'

(/opt/homebrew/Cellar/texlive/20260301/share/texmf-dist/tex/latex/tcolorbox/tcb
processing.code.tex
Library (tcolorbox): 'tcbprocessing.code.tex' version '6.9.0'
)
\c@tcblisting=\count383
))
Package tcolorbox Info: Library `listingsutf8' is compatible with pdftex only. 
Library `listings` is loaded instead. on input line 29.
)
(/opt/homebrew/Cellar/texlive/20260301/share/texmf-dist/tex/latex/tcolorbox/tcb
external.code.tex
Library (tcolorbox): 'tcbexternal.code.tex' version '6.9.0'
)
(/opt/homebrew/Cellar/texlive/20260301/share/texmf-dist/tex/latex/tcolorbox/tcb
magazine.code.tex
Library (tcolorbox): 'tcbmagazine.code.tex' version '6.9.0'
)
(/opt/homebrew/Cellar/texlive/20260301/share/texmf-dist/tex/latex/tcolorbox/tcb
vignette.code.tex
Library (tcolorbox): 'tcbvignette.code.tex' version '6.9.0'
)
(/opt/homebrew/Cellar/texlive/20260301/share/texmf-dist/tex/latex/tcolorbox/tcb
poster.code.tex
Library (tcolorbox): 'tcbposter.code.tex' version '6.9.0'
))
(/opt/homebrew/Cellar/texlive/20260301/share/texmf-dist/tex/latex/booktabs/book
tabs.sty
Package: booktabs 2020/01/12 v1.61803398 Publication quality tables
\heavyrulewidth=\dimen323
\lightrulewidth=\dimen324
\cmidrulewidth=\dimen325
\belowrulesep=\dimen326
\belowbottomsep=\dimen327
\aboverulesep=\dimen328
\abovetopsep=\dimen329
\cmidrulesep=\dimen330
\cmidrulekern=\dimen331
\defaultaddspace=\dimen332
\@cmidla=\count384
\@cmidlb=\count385
\@aboverulesep=\dimen333
\@belowrulesep=\dimen334
\@thisruleclass=\count386
\@lastruleclass=\count387
\@thisrulewidth=\dimen335
) (./main.aux)
\openout1 = `main.aux'.

LaTeX Font Info:    Checking defaults for OML/cmm/m/it on input line 156.
LaTeX Font Info:    ... okay on input line 156.
LaTeX Font Info:    Checking defaults for OMS/cmsy/m/n on input line 156.
LaTeX Font Info:    ... okay on input line 156.
LaTeX Font Info:    Checking defaults for OT1/cmr/m/n on input line 156.
LaTeX Font Info:    ... okay on input line 156.
LaTeX Font Info:    Checking defaults for T1/cmr/m/n on input line 156.
LaTeX Font Info:    ... okay on input line 156.
LaTeX Font Info:    Checking defaults for TS1/cmr/m/n on input line 156.
LaTeX Font Info:    ... okay on input line 156.
LaTeX Font Info:    Checking defaults for TU/lmr/m/n on input line 156.
LaTeX Font Info:    ... okay on input line 156.
LaTeX Font Info:    Checking defaults for OMX/cmex/m/n on input line 156.
LaTeX Font Info:    ... okay on input line 156.
LaTeX Font Info:    Checking defaults for U/cmr/m/n on input line 156.
LaTeX Font Info:    ... okay on input line 156.
LaTeX Font Info:    Checking defaults for PD1/pdf/m/n on input line 156.
LaTeX Font Info:    ... okay on input line 156.
LaTeX Font Info:    Checking defaults for PU/pdf/m/n on input line 156.
LaTeX Font Info:    ... okay on input line 156.
LaTeX Font Info:    Overwriting math alphabet `\mathrm' in version `normal'
(Font)                  TU/STIXTwoMath(1)/m/n --> TU/TimesNewRoman(0)/m/n on in
put line 156.
LaTeX Font Info:    Overwriting math alphabet `\mathit' in version `normal'
(Font)                  OT1/cmr/m/it --> TU/TimesNewRoman(0)/m/it on input line
 156.
LaTeX Font Info:    Overwriting math alphabet `\mathbf' in version `normal'
(Font)                  OT1/cmr/bx/n --> TU/TimesNewRoman(0)/b/n on input line 
156.
LaTeX Font Info:    Overwriting math alphabet `\mathsf' in version `normal'
(Font)                  OT1/cmss/m/n --> TU/Helvetica(0)/m/n on input line 156.

LaTeX Font Info:    Overwriting math alphabet `\mathsf' in version `bold'
(Font)                  OT1/cmss/bx/n --> TU/Helvetica(0)/b/n on input line 156
.
LaTeX Font Info:    Overwriting math alphabet `\mathtt' in version `normal'
(Font)                  OT1/cmtt/m/n --> TU/Menlo(0)/m/n on input line 156.
LaTeX Font Info:    Overwriting math alphabet `\mathtt' in version `bold'
(Font)                  OT1/cmtt/m/n --> TU/Menlo(0)/b/n on input line 156.

*geometry* driver: auto-detecting
*geometry* detected driver: xetex
*geometry* verbose mode - [ preamble ] result:
* driver: xetex
* paper: a4paper
* layout: <same size as paper>
* layoutoffset:(h,v)=(0.0pt,0.0pt)
* modes: twoside 
* h-part:(L,W,R)=(72.26999pt, 452.9679pt, 72.26999pt)
* v-part:(T,H,B)=(72.26999pt, 700.50687pt, 72.26999pt)
* \paperwidth=597.50787pt
* \paperheight=845.04684pt
* \textwidth=452.9679pt
* \textheight=700.50687pt
* \oddsidemargin=0.0pt
* \evensidemargin=0.0pt
* \topmargin=-31.8738pt
* \headheight=12.0pt
* \headsep=19.8738pt
* \topskip=12.0pt
* \footskip=30.0pt
* \marginparwidth=88.0pt
* \marginparsep=7.0pt
* \columnsep=10.0pt
* \skip\footins=10.8pt plus 4.0pt minus 2.0pt
* \hoffset=0.0pt
* \voffset=0.0pt
* \mag=1000
* \@twocolumnfalse
* \@twosidetrue
* \@mparswitchtrue
* \@reversemarginfalse
* (1in=72.27pt=25.4mm, 1cm=28.453pt)

Package hyperref Info: Link coloring ON on input line 156.
(./main.out) (./main.out)
\@outlinefile=\write4
\openout4 = `main.out'.

\c@lstlisting=\count388
LaTeX Font Info:    Font shape `TU/STIXTwoMath(2)/m/n' will be
(Font)              scaled to size 14.40152pt on input line 159.
LaTeX Font Info:    Font shape `TU/STIXTwoMath(2)/m/n' will be
(Font)              scaled to size 10.00107pt on input line 159.
LaTeX Font Info:    Font shape `TU/STIXTwoMath(2)/m/n' will be
(Font)              scaled to size 7.00075pt on input line 159.
LaTeX Font Info:    Font shape `TU/STIXTwoMath(3)/m/n' will be
(Font)              scaled to size 14.39845pt on input line 159.
LaTeX Font Info:    Font shape `TU/STIXTwoMath(3)/m/n' will be
(Font)              scaled to size 9.99893pt on input line 159.
LaTeX Font Info:    Font shape `TU/STIXTwoMath(3)/m/n' will be
(Font)              scaled to size 6.99925pt on input line 159.
 [1


]
LaTeX Font Info:    Font shape `TU/TimesNewRoman(0)/m/sl' in size <12> not avai
lable
(Font)              Font shape `TU/TimesNewRoman(0)/m/it' tried instead on inpu
t line 160.
 [2

] (./frontmatter/preface_gift.tex) [1

]
(./main.toc
LaTeX Font Info:    Font shape `TU/STIXTwoMath(2)/m/n' will be
(Font)              scaled to size 12.00128pt on input line 3.
LaTeX Font Info:    Font shape `TU/STIXTwoMath(2)/m/n' will be
(Font)              scaled to size 8.40088pt on input line 3.
LaTeX Font Info:    Font shape `TU/STIXTwoMath(2)/m/n' will be
(Font)              scaled to size 6.60071pt on input line 3.
LaTeX Font Info:    Font shape `TU/STIXTwoMath(3)/m/n' will be
(Font)              scaled to size 11.99872pt on input line 3.
LaTeX Font Info:    Font shape `TU/STIXTwoMath(3)/m/n' will be
(Font)              scaled to size 8.3991pt on input line 3.
LaTeX Font Info:    Font shape `TU/STIXTwoMath(3)/m/n' will be
(Font)              scaled to size 6.59929pt on input line 3.


LaTeX Font Warning: Font shape `TU/SongtiSC(0)/m/it' undefined
(Font)              using `TU/SongtiSC(0)/m/n' instead on input line 31.

[2

]

LaTeX Font Warning: Font shape `TU/SongtiSC(0)/m/sl' undefined
(Font)              using `TU/SongtiSC(0)/m/n' instead on input line 81.

[3] [4]
Overfull \hbox (0.19336pt too wide) in paragraph at lines 125--125
 [][] [][][]\TU/SongtiSC(0)/m/n/12 自 然 稀 缺 \TU/TimesNewRoman(0)/m/n/12 vs \TU/S
ongtiSC(0)/m/n/12 人 为 稀 缺：|  谁 在 控 制 供 给？| \TU/TimesNewRoman(0)/m/n/12 (Natural
 vs Artificial Scarcity: 
 []

[5] [6]
Overfull \hbox (12.01482pt too wide) in paragraph at lines 188--188
 [][] [][][]\TU/SongtiSC(0)/m/n/12 组 织 的 抽 象：|  从 个 人 魅 力 到 机 构 权 威 \TU/TimesNe
wRoman(0)/m/n/12 (Institutional Abstraction: From Charisma 
 []

[7]
Overfull \hbox (3.36638pt too wide) in paragraph at lines 195--195
 [][] [][][]\TU/SongtiSC(0)/m/n/12 责 任 的 归 因：|  基 于 条 件 概 率 的 定 责 逻 辑 \TU/Times
NewRoman(0)/m/n/12 (Attribution of Responsibility: Causal 
 []

[8])
\tf@toc=\write5
\openout5 = `main.toc'.

 [9] [10

] (./part1_core_logic/introduction.tex [1

] [2] [3]
Underfull \vbox (badness 2245) has occurred while \output is active []

 [4]
[5]) [6] [7] [8

] (./part1_core_logic/chapter1_nature_motivation.tex [9]
Chapter 1.
[10

]
LaTeX Font Info:    Font shape `TU/STIXTwoMath(2)/m/n' will be
(Font)              scaled to size 10.95116pt on input line 83.
LaTeX Font Info:    Font shape `TU/STIXTwoMath(2)/m/n' will be
(Font)              scaled to size 8.00085pt on input line 83.
LaTeX Font Info:    Font shape `TU/STIXTwoMath(2)/m/n' will be
(Font)              scaled to size 6.00064pt on input line 83.
LaTeX Font Info:    Font shape `TU/STIXTwoMath(3)/m/n' will be
(Font)              scaled to size 10.94882pt on input line 83.
LaTeX Font Info:    Font shape `TU/STIXTwoMath(3)/m/n' will be
(Font)              scaled to size 7.99915pt on input line 83.
LaTeX Font Info:    Font shape `TU/STIXTwoMath(3)/m/n' will be
(Font)              scaled to size 5.99936pt on input line 83.
 [11]
Underfull \vbox (badness 5245) has occurred while \output is active []

 [12]
[13]
Underfull \vbox (badness 10000) has occurred while \output is active []

 [14]

Package hyperref Warning: Token not allowed in a PDF string (Unicode):
(hyperref)                removing `math shift' on input line 307.


Package hyperref Warning: Token not allowed in a PDF string (Unicode):
(hyperref)                removing `\neq' on input line 307.


Package hyperref Warning: Token not allowed in a PDF string (Unicode):
(hyperref)                removing `math shift' on input line 307.

[15]
Underfull \vbox (badness 10000) has occurred while \output is active []

 [16]
[17]) (./part1_core_logic/chapter2_structure_efficiency.tex [18]
Chapter 2.

Underfull \vbox (badness 5817) has occurred while \output is active []

 [19

]
Underfull \vbox (badness 3189) has occurred while \output is active []

 [20]
Underfull \vbox (badness 2689) has occurred while \output is active []

 [21]
Underfull \vbox (badness 4156) has occurred while \output is active []

 [22]
[23] [24] [25] [26] [27] [28] [29] [30] [31] [32] [33])
(./part1_core_logic/chapter3_language_information.tex [34]
Chapter 3.

Underfull \vbox (badness 10000) has occurred while \output is active []

 [35

]
[36] [37] [38] [39] [40]) [41] [42

]
(./part2_geological_determinism/chapter1_materialist_historical_view.tex
[43]
Chapter 4.

Underfull \vbox (badness 1466) has occurred while \output is active []

 [44

]
[45] [46] [47] [48]
Underfull \vbox (badness 10000) has occurred while \output is active []

 [49]
[50] [51] [52] [53] [54] [55] [56] [57] [58]
Overfull \hbox (2.48445pt too wide) in paragraph at lines 395--396
[]\TU/SongtiSC(0)/m/n/12 为 什 么 理 解 了 西 方 案 例，|  下 一 个 问 题 就 是\TU/TimesNewRoman(
0)/m/n/12 ” \TU/SongtiSC(0)/m/n/12 两 个 案 例 的 机 制 如 何 对 比 验 证 理 论\TU/TimesNewRom
an(0)/m/n/12 ”\TU/SongtiSC(0)/m/n/12 ？ （指
 []

[59] [60] [61] [62] [63] [64])
(./part2_geological_determinism/chapter2_survival_strategy_divergence.tex
Underfull \vbox (badness 10000) has occurred while \output is active []

 [65]
Underfull \vbox (badness 10000) has occurred while \output is active []

 [66]
Overfull \vbox (535.83484pt too high) has occurred while \output is active []


[67] [68]
Chapter 5.
[69

] [70] [71] [72]
Overfull \hbox (2.48445pt too wide) in paragraph at lines 131--132
[]\TU/SongtiSC(0)/m/n/12 为 什 么 理 解 了 思 想 控 制 的 必 然 性，|  下 一 个 问 题 就 是\TU/TimesN
ewRoman(0)/m/n/12 ” \TU/SongtiSC(0)/m/n/12 这 套 系 统 有 什 么 致 命 缺 陷\TU/TimesNewRom
an(0)/m/n/12 ”\TU/SongtiSC(0)/m/n/12 ？ （指
 []

[73] [74] [75] [76] [77] [78]) [79] [80

]
(./part3_systematic_expansion/chapter1_economic_base.tex [81]
Chapter 6.

Underfull \vbox (badness 2213) has occurred while \output is active []

 [82

]
Underfull \vbox (badness 1424) has occurred while \output is active []


Overfull \hbox (196.6141pt too wide) has occurred while \output is active
\TU/TimesNewRoman(0)/m/it/12 6.1.  \TU/SongtiSC(0)/m/n/12 供 求 关 系：|  价 格 作 为 集 
体 模 因 的 聚 合 \TU/TimesNewRoman(0)/m/it/12 (SUPPLY AND DEMAND: PRICE AS THE AGGRE
GATION OF COLLECTIVE MEMES) \TU/TimesNewRoman(0)/m/n/12 83
 []

[83] [84]
Underfull \vbox (badness 3590) has occurred while \output is active []


Overfull \hbox (196.6141pt too wide) has occurred while \output is active
\TU/TimesNewRoman(0)/m/it/12 6.1.  \TU/SongtiSC(0)/m/n/12 供 求 关 系：|  价 格 作 为 集 
体 模 因 的 聚 合 \TU/TimesNewRoman(0)/m/it/12 (SUPPLY AND DEMAND: PRICE AS THE AGGRE
GATION OF COLLECTIVE MEMES) \TU/TimesNewRoman(0)/m/n/12 85
 []

[85] [86]
Underfull \vbox (badness 3590) has occurred while \output is active []


Overfull \hbox (196.6141pt too wide) has occurred while \output is active
\TU/TimesNewRoman(0)/m/it/12 6.1.  \TU/SongtiSC(0)/m/n/12 供 求 关 系：|  价 格 作 为 集 
体 模 因 的 聚 合 \TU/TimesNewRoman(0)/m/it/12 (SUPPLY AND DEMAND: PRICE AS THE AGGRE
GATION OF COLLECTIVE MEMES) \TU/TimesNewRoman(0)/m/n/12 87
 []

[87]
Overfull \hbox (27.06712pt too wide) in paragraph at lines 100--100
[]\TU/SongtiSC(0)/b/it/14.4 供 求 博 弈 的 动 态 均 衡 \TU/TimesNewRoman(0)/b/n/14.4 (Dy
namic Equilibrium of Supply-Demand Games) 
 []

[88]
Overfull \hbox (196.6141pt too wide) has occurred while \output is active
\TU/TimesNewRoman(0)/m/it/12 6.1.  \TU/SongtiSC(0)/m/n/12 供 求 关 系：|  价 格 作 为 集 
体 模 因 的 聚 合 \TU/TimesNewRoman(0)/m/it/12 (SUPPLY AND DEMAND: PRICE AS THE AGGRE
GATION OF COLLECTIVE MEMES) \TU/TimesNewRoman(0)/m/n/12 89
 []

[89] [90] [91]
Underfull \vbox (badness 3590) has occurred while \output is active []

 [92]
Overfull \hbox (7.56343pt too wide) in paragraph at lines 188--188
[]\TU/SongtiSC(0)/b/it/14.4 自 然 稀 缺 \TU/TimesNewRoman(0)/b/n/14.4 vs \TU/Songti
SC(0)/b/it/14.4 人 为 稀 缺：|  谁 在 控 制 供 给？| \TU/TimesNewRoman(0)/b/n/14.4 (Natural
 vs Artificial Scarcity:
 []


Overfull \hbox (28.28992pt too wide) has occurred while \output is active
\TU/TimesNewRoman(0)/m/it/12 6.3.  \TU/SongtiSC(0)/m/n/12 供 给 与 稀 缺：|  定 价 权 的 
博 弈 \TU/TimesNewRoman(0)/m/it/12 (SUPPLY AND SCARCITY: THE GAME OF PRICING POWE
R) \TU/TimesNewRoman(0)/m/n/12 93
 []

[93] [94]
Overfull \hbox (81.0653pt too wide) has occurred while \output is active
\TU/TimesNewRoman(0)/m/it/12 6.4.  \TU/SongtiSC(0)/m/n/12 市 场 失 灵：|  当 价 格 机 制 
崩 溃 \TU/TimesNewRoman(0)/m/it/12 (MARKET FAILURE: WHEN THE PRICE MECHANISM BREA
KS DOWN) \TU/TimesNewRoman(0)/m/n/12 95
 []

[95] [96]
Underfull \vbox (badness 1515) has occurred while \output is active []


Overfull \hbox (81.0653pt too wide) has occurred while \output is active
\TU/TimesNewRoman(0)/m/it/12 6.4.  \TU/SongtiSC(0)/m/n/12 市 场 失 灵：|  当 价 格 机 制 
崩 溃 \TU/TimesNewRoman(0)/m/it/12 (MARKET FAILURE: WHEN THE PRICE MECHANISM BREA
KS DOWN) \TU/TimesNewRoman(0)/m/n/12 97
 []

[97] [98]
Overfull \hbox (81.0653pt too wide) has occurred while \output is active
\TU/TimesNewRoman(0)/m/it/12 6.4.  \TU/SongtiSC(0)/m/n/12 市 场 失 灵：|  当 价 格 机 制 
崩 溃 \TU/TimesNewRoman(0)/m/it/12 (MARKET FAILURE: WHEN THE PRICE MECHANISM BREA
KS DOWN) \TU/TimesNewRoman(0)/m/n/12 99
 []

[99]
Overfull \hbox (3.4267pt too wide) has occurred while \output is active
\TU/TimesNewRoman(0)/m/n/12 100 \TU/TimesNewRoman(0)/m/it/12 CHAPTER 6.  \TU/So
ngtiSC(0)/m/n/12 物 质 分 支：|  经 济 基 础 \TU/TimesNewRoman(0)/m/it/12 (MATERIAL BRAN
CH: ECONOMIC FOUNDATIONS)
 []

[100]
Overfull \hbox (87.0653pt too wide) has occurred while \output is active
\TU/TimesNewRoman(0)/m/it/12 6.4.  \TU/SongtiSC(0)/m/n/12 市 场 失 灵：|  当 价 格 机 制 
崩 溃 \TU/TimesNewRoman(0)/m/it/12 (MARKET FAILURE: WHEN THE PRICE MECHANISM BREA
KS DOWN) \TU/TimesNewRoman(0)/m/n/12 101
 []

[101]
Underfull \vbox (badness 3590) has occurred while \output is active []


Overfull \hbox (3.4267pt too wide) has occurred while \output is active
\TU/TimesNewRoman(0)/m/n/12 102 \TU/TimesNewRoman(0)/m/it/12 CHAPTER 6.  \TU/So
ngtiSC(0)/m/n/12 物 质 分 支：|  经 济 基 础 \TU/TimesNewRoman(0)/m/it/12 (MATERIAL BRAN
CH: ECONOMIC FOUNDATIONS)
 []

[102]
Overfull \hbox (3.8429pt too wide) in paragraph at lines 379--379
[]\TU/SongtiSC(0)/b/it/14.4 经 济 模 型 的 前 提 假 设 及 其 失 败 \TU/TimesNewRoman(0)/b/n/
14.4 (The Assumptions of Economic Mod-
 []


Overfull \hbox (209.84947pt too wide) has occurred while \output is active
\TU/TimesNewRoman(0)/m/it/12 6.5.  \TU/SongtiSC(0)/m/n/12 经 济 的 边 界：|  从 模 因 退 
化 到 权 力 涌 现 \TU/TimesNewRoman(0)/m/it/12 (THE BOUNDARY OF ECONOMY: WHEN MEMETIC
 DEGRADATION MEETS POWER) \TU/TimesNewRoman(0)/m/n/12 103
 []

[103]
Underfull \vbox (badness 1515) has occurred while \output is active []


Overfull \hbox (3.4267pt too wide) has occurred while \output is active
\TU/TimesNewRoman(0)/m/n/12 104 \TU/TimesNewRoman(0)/m/it/12 CHAPTER 6.  \TU/So
ngtiSC(0)/m/n/12 物 质 分 支：|  经 济 基 础 \TU/TimesNewRoman(0)/m/it/12 (MATERIAL BRAN
CH: ECONOMIC FOUNDATIONS)
 []

[104]
Overfull \hbox (209.84947pt too wide) has occurred while \output is active
\TU/TimesNewRoman(0)/m/it/12 6.5.  \TU/SongtiSC(0)/m/n/12 经 济 的 边 界：|  从 模 因 退 
化 到 权 力 涌 现 \TU/TimesNewRoman(0)/m/it/12 (THE BOUNDARY OF ECONOMY: WHEN MEMETIC
 DEGRADATION MEETS POWER) \TU/TimesNewRoman(0)/m/n/12 105
 []

[105]
Underfull \vbox (badness 3590) has occurred while \output is active []


Overfull \hbox (3.4267pt too wide) has occurred while \output is active
\TU/TimesNewRoman(0)/m/n/12 106 \TU/TimesNewRoman(0)/m/it/12 CHAPTER 6.  \TU/So
ngtiSC(0)/m/n/12 物 质 分 支：|  经 济 基 础 \TU/TimesNewRoman(0)/m/it/12 (MATERIAL BRAN
CH: ECONOMIC FOUNDATIONS)
 []

[106]
Overfull \hbox (209.84947pt too wide) has occurred while \output is active
\TU/TimesNewRoman(0)/m/it/12 6.5.  \TU/SongtiSC(0)/m/n/12 经 济 的 边 界：|  从 模 因 退 
化 到 权 力 涌 现 \TU/TimesNewRoman(0)/m/it/12 (THE BOUNDARY OF ECONOMY: WHEN MEMETIC
 DEGRADATION MEETS POWER) \TU/TimesNewRoman(0)/m/n/12 107
 []

[107]
Overfull \hbox (0.36008pt too wide) in paragraph at lines 459--459
[]\TU/SongtiSC(0)/b/it/14.4 制 度 作 为 经 济 的 基 础 设 施 \TU/TimesNewRoman(0)/b/n/14.4
 (Institutions as Economic Infrastructure) 
 []


Underfull \vbox (badness 1515) has occurred while \output is active []


Overfull \hbox (3.4267pt too wide) has occurred while \output is active
\TU/TimesNewRoman(0)/m/n/12 108 \TU/TimesNewRoman(0)/m/it/12 CHAPTER 6.  \TU/So
ngtiSC(0)/m/n/12 物 质 分 支：|  经 济 基 础 \TU/TimesNewRoman(0)/m/it/12 (MATERIAL BRAN
CH: ECONOMIC FOUNDATIONS)
 []

[108]
Overfull \hbox (209.84947pt too wide) has occurred while \output is active
\TU/TimesNewRoman(0)/m/it/12 6.5.  \TU/SongtiSC(0)/m/n/12 经 济 的 边 界：|  从 模 因 退 
化 到 权 力 涌 现 \TU/TimesNewRoman(0)/m/it/12 (THE BOUNDARY OF ECONOMY: WHEN MEMETIC
 DEGRADATION MEETS POWER) \TU/TimesNewRoman(0)/m/n/12 109
 []

[109]
Underfull \vbox (badness 10000) has occurred while \output is active []


Overfull \hbox (2.98138pt too wide) has occurred while \output is active
\TU/TimesNewRoman(0)/m/n/12 110 \TU/TimesNewRoman(0)/m/it/12 CHAPTER 6.  \TU/So
ngtiSC(0)/m/n/12 物 质 分 支：|  经 济 基 础 \TU/TimesNewRoman(0)/m/it/12 (MATERIAL BRAN
CH: ECONOMIC FOUNDATIONS)
 []

[110]
Overfull \hbox (208.95885pt too wide) has occurred while \output is active
\TU/TimesNewRoman(0)/m/it/12 6.5.  \TU/SongtiSC(0)/m/n/12 经 济 的 边 界：|  从 模 因 退 
化 到 权 力 涌 现 \TU/TimesNewRoman(0)/m/it/12 (THE BOUNDARY OF ECONOMY: WHEN MEMETIC
 DEGRADATION MEETS POWER) \TU/TimesNewRoman(0)/m/n/12 111
 []

[111]
Underfull \vbox (badness 10000) has occurred while \output is active []


Overfull \hbox (2.98138pt too wide) has occurred while \output is active
\TU/TimesNewRoman(0)/m/n/12 112 \TU/TimesNewRoman(0)/m/it/12 CHAPTER 6.  \TU/So
ngtiSC(0)/m/n/12 物 质 分 支：|  经 济 基 础 \TU/TimesNewRoman(0)/m/it/12 (MATERIAL BRAN
CH: ECONOMIC FOUNDATIONS)
 []

[112]
Overfull \hbox (209.40416pt too wide) has occurred while \output is active
\TU/TimesNewRoman(0)/m/it/12 6.5.  \TU/SongtiSC(0)/m/n/12 经 济 的 边 界：|  从 模 因 退 
化 到 权 力 涌 现 \TU/TimesNewRoman(0)/m/it/12 (THE BOUNDARY OF ECONOMY: WHEN MEMETIC
 DEGRADATION MEETS POWER) \TU/TimesNewRoman(0)/m/n/12 113
 []

[113]
Overfull \hbox (2.98138pt too wide) has occurred while \output is active
\TU/TimesNewRoman(0)/m/n/12 114 \TU/TimesNewRoman(0)/m/it/12 CHAPTER 6.  \TU/So
ngtiSC(0)/m/n/12 物 质 分 支：|  经 济 基 础 \TU/TimesNewRoman(0)/m/it/12 (MATERIAL BRAN
CH: ECONOMIC FOUNDATIONS)
 []

[114]
Overfull \hbox (209.40416pt too wide) has occurred while \output is active
\TU/TimesNewRoman(0)/m/it/12 6.5.  \TU/SongtiSC(0)/m/n/12 经 济 的 边 界：|  从 模 因 退 
化 到 权 力 涌 现 \TU/TimesNewRoman(0)/m/it/12 (THE BOUNDARY OF ECONOMY: WHEN MEMETIC
 DEGRADATION MEETS POWER) \TU/TimesNewRoman(0)/m/n/12 115
 []

[115]
Overfull \hbox (2.98138pt too wide) has occurred while \output is active
\TU/TimesNewRoman(0)/m/n/12 116 \TU/TimesNewRoman(0)/m/it/12 CHAPTER 6.  \TU/So
ngtiSC(0)/m/n/12 物 质 分 支：|  经 济 基 础 \TU/TimesNewRoman(0)/m/it/12 (MATERIAL BRAN
CH: ECONOMIC FOUNDATIONS)
 []

[116]
Overfull \hbox (209.40416pt too wide) has occurred while \output is active
\TU/TimesNewRoman(0)/m/it/12 6.5.  \TU/SongtiSC(0)/m/n/12 经 济 的 边 界：|  从 模 因 退 
化 到 权 力 涌 现 \TU/TimesNewRoman(0)/m/it/12 (THE BOUNDARY OF ECONOMY: WHEN MEMETIC
 DEGRADATION MEETS POWER) \TU/TimesNewRoman(0)/m/n/12 117
 []

[117]
Overfull \hbox (2.98138pt too wide) has occurred while \output is active
\TU/TimesNewRoman(0)/m/n/12 118 \TU/TimesNewRoman(0)/m/it/12 CHAPTER 6.  \TU/So
ngtiSC(0)/m/n/12 物 质 分 支：|  经 济 基 础 \TU/TimesNewRoman(0)/m/it/12 (MATERIAL BRAN
CH: ECONOMIC FOUNDATIONS)
 []

[118]
Overfull \hbox (209.40416pt too wide) has occurred while \output is active
\TU/TimesNewRoman(0)/m/it/12 6.5.  \TU/SongtiSC(0)/m/n/12 经 济 的 边 界：|  从 模 因 退 
化 到 权 力 涌 现 \TU/TimesNewRoman(0)/m/it/12 (THE BOUNDARY OF ECONOMY: WHEN MEMETIC
 DEGRADATION MEETS POWER) \TU/TimesNewRoman(0)/m/n/12 119
 []

[119]
Overfull \hbox (3.4267pt too wide) has occurred while \output is active
\TU/TimesNewRoman(0)/m/n/12 120 \TU/TimesNewRoman(0)/m/it/12 CHAPTER 6.  \TU/So
ngtiSC(0)/m/n/12 物 质 分 支：|  经 济 基 础 \TU/TimesNewRoman(0)/m/it/12 (MATERIAL BRAN
CH: ECONOMIC FOUNDATIONS)
 []

[120]
Overfull \hbox (209.84947pt too wide) has occurred while \output is active
\TU/TimesNewRoman(0)/m/it/12 6.5.  \TU/SongtiSC(0)/m/n/12 经 济 的 边 界：|  从 模 因 退 
化 到 权 力 涌 现 \TU/TimesNewRoman(0)/m/it/12 (THE BOUNDARY OF ECONOMY: WHEN MEMETIC
 DEGRADATION MEETS POWER) \TU/TimesNewRoman(0)/m/n/12 121
 []

[121]
Overfull \hbox (3.4267pt too wide) has occurred while \output is active
\TU/TimesNewRoman(0)/m/n/12 122 \TU/TimesNewRoman(0)/m/it/12 CHAPTER 6.  \TU/So
ngtiSC(0)/m/n/12 物 质 分 支：|  经 济 基 础 \TU/TimesNewRoman(0)/m/it/12 (MATERIAL BRAN
CH: ECONOMIC FOUNDATIONS)
 []

[122]
Overfull \hbox (209.84947pt too wide) has occurred while \output is active
\TU/TimesNewRoman(0)/m/it/12 6.5.  \TU/SongtiSC(0)/m/n/12 经 济 的 边 界：|  从 模 因 退 
化 到 权 力 涌 现 \TU/TimesNewRoman(0)/m/it/12 (THE BOUNDARY OF ECONOMY: WHEN MEMETIC
 DEGRADATION MEETS POWER) \TU/TimesNewRoman(0)/m/n/12 123
 []

[123]
Overfull \hbox (3.4267pt too wide) has occurred while \output is active
\TU/TimesNewRoman(0)/m/n/12 124 \TU/TimesNewRoman(0)/m/it/12 CHAPTER 6.  \TU/So
ngtiSC(0)/m/n/12 物 质 分 支：|  经 济 基 础 \TU/TimesNewRoman(0)/m/it/12 (MATERIAL BRAN
CH: ECONOMIC FOUNDATIONS)
 []

[124]
Overfull \hbox (209.84947pt too wide) has occurred while \output is active
\TU/TimesNewRoman(0)/m/it/12 6.5.  \TU/SongtiSC(0)/m/n/12 经 济 的 边 界：|  从 模 因 退 
化 到 权 力 涌 现 \TU/TimesNewRoman(0)/m/it/12 (THE BOUNDARY OF ECONOMY: WHEN MEMETIC
 DEGRADATION MEETS POWER) \TU/TimesNewRoman(0)/m/n/12 125
 []

[125]
Overfull \hbox (3.4267pt too wide) has occurred while \output is active
\TU/TimesNewRoman(0)/m/n/12 126 \TU/TimesNewRoman(0)/m/it/12 CHAPTER 6.  \TU/So
ngtiSC(0)/m/n/12 物 质 分 支：|  经 济 基 础 \TU/TimesNewRoman(0)/m/it/12 (MATERIAL BRAN
CH: ECONOMIC FOUNDATIONS)
 []

[126]
Overfull \hbox (209.84947pt too wide) has occurred while \output is active
\TU/TimesNewRoman(0)/m/it/12 6.5.  \TU/SongtiSC(0)/m/n/12 经 济 的 边 界：|  从 模 因 退 
化 到 权 力 涌 现 \TU/TimesNewRoman(0)/m/it/12 (THE BOUNDARY OF ECONOMY: WHEN MEMETIC
 DEGRADATION MEETS POWER) \TU/TimesNewRoman(0)/m/n/12 127
 []

[127]
Overfull \hbox (3.4267pt too wide) has occurred while \output is active
\TU/TimesNewRoman(0)/m/n/12 128 \TU/TimesNewRoman(0)/m/it/12 CHAPTER 6.  \TU/So
ngtiSC(0)/m/n/12 物 质 分 支：|  经 济 基 础 \TU/TimesNewRoman(0)/m/it/12 (MATERIAL BRAN
CH: ECONOMIC FOUNDATIONS)
 []

[128]
Overfull \hbox (209.84947pt too wide) has occurred while \output is active
\TU/TimesNewRoman(0)/m/it/12 6.5.  \TU/SongtiSC(0)/m/n/12 经 济 的 边 界：|  从 模 因 退 
化 到 权 力 涌 现 \TU/TimesNewRoman(0)/m/it/12 (THE BOUNDARY OF ECONOMY: WHEN MEMETIC
 DEGRADATION MEETS POWER) \TU/TimesNewRoman(0)/m/n/12 129
 []

[129]
Overfull \hbox (3.4267pt too wide) has occurred while \output is active
\TU/TimesNewRoman(0)/m/n/12 130 \TU/TimesNewRoman(0)/m/it/12 CHAPTER 6.  \TU/So
ngtiSC(0)/m/n/12 物 质 分 支：|  经 济 基 础 \TU/TimesNewRoman(0)/m/it/12 (MATERIAL BRAN
CH: ECONOMIC FOUNDATIONS)
 []

[130]
Overfull \hbox (209.84947pt too wide) has occurred while \output is active
\TU/TimesNewRoman(0)/m/it/12 6.5.  \TU/SongtiSC(0)/m/n/12 经 济 的 边 界：|  从 模 因 退 
化 到 权 力 涌 现 \TU/TimesNewRoman(0)/m/it/12 (THE BOUNDARY OF ECONOMY: WHEN MEMETIC
 DEGRADATION MEETS POWER) \TU/TimesNewRoman(0)/m/n/12 131
 []

[131]
Overfull \hbox (3.4267pt too wide) has occurred while \output is active
\TU/TimesNewRoman(0)/m/n/12 132 \TU/TimesNewRoman(0)/m/it/12 CHAPTER 6.  \TU/So
ngtiSC(0)/m/n/12 物 质 分 支：|  经 济 基 础 \TU/TimesNewRoman(0)/m/it/12 (MATERIAL BRAN
CH: ECONOMIC FOUNDATIONS)
 []

[132]
Overfull \hbox (209.84947pt too wide) has occurred while \output is active
\TU/TimesNewRoman(0)/m/it/12 6.5.  \TU/SongtiSC(0)/m/n/12 经 济 的 边 界：|  从 模 因 退 
化 到 权 力 涌 现 \TU/TimesNewRoman(0)/m/it/12 (THE BOUNDARY OF ECONOMY: WHEN MEMETIC
 DEGRADATION MEETS POWER) \TU/TimesNewRoman(0)/m/n/12 133
 []

[133]
Overfull \hbox (3.4267pt too wide) has occurred while \output is active
\TU/TimesNewRoman(0)/m/n/12 134 \TU/TimesNewRoman(0)/m/it/12 CHAPTER 6.  \TU/So
ngtiSC(0)/m/n/12 物 质 分 支：|  经 济 基 础 \TU/TimesNewRoman(0)/m/it/12 (MATERIAL BRAN
CH: ECONOMIC FOUNDATIONS)
 []

[134]) (./part3_systematic_expansion/chapter2_culture_folk_institutions.tex
Overfull \hbox (209.84947pt too wide) has occurred while \output is active
\TU/TimesNewRoman(0)/m/it/12 6.5.  \TU/SongtiSC(0)/m/n/12 经 济 的 边 界：|  从 模 因 退 
化 到 权 力 涌 现 \TU/TimesNewRoman(0)/m/it/12 (THE BOUNDARY OF ECONOMY: WHEN MEMETIC
 DEGRADATION MEETS POWER) \TU/TimesNewRoman(0)/m/n/12 135
 []

[135]
Chapter 7.

Underfull \vbox (badness 7221) has occurred while \output is active []

 [136

]
Overfull \hbox (118.19713pt too wide) has occurred while \output is active
\TU/TimesNewRoman(0)/m/it/12 7.1.  \TU/SongtiSC(0)/m/n/12 文 化 作 为 模 因 系 统：|  从 
语 言 到 选 择 \TU/TimesNewRoman(0)/m/it/12 (CULTURE AS A MEMETIC SYSTEM: FROM LANGU
AGE TO CHOICE) \TU/TimesNewRoman(0)/m/n/12 137
 []

[137]
Overfull \hbox (133.44421pt too wide) has occurred while \output is active
\TU/TimesNewRoman(0)/m/n/12 138 \TU/TimesNewRoman(0)/m/it/12 CHAPTER 7.  \TU/So
ngtiSC(0)/m/n/12 意 识 分 支 \TU/TimesNewRoman(0)/m/it/12 I\TU/SongtiSC(0)/m/n/12 ：
|  文 化 与 民 间 制 度 \TU/TimesNewRoman(0)/m/it/12 (CONSCIOUSNESS BRANCH I: CULTURE 
AND FOLK INSTITUTIONS)
 []

[138]
Overfull \hbox (10.91264pt too wide) in paragraph at lines 103--103
[]\TU/SongtiSC(0)/b/it/14.4 模 因 如 何 驱 动 选 择：|  观 点 改 变 行 为 的 机 制 \TU/TimesNewRo
man(0)/b/n/14.4 (How Memes Drive Choice) 
 []


Overfull \hbox (118.19713pt too wide) has occurred while \output is active
\TU/TimesNewRoman(0)/m/it/12 7.1.  \TU/SongtiSC(0)/m/n/12 文 化 作 为 模 因 系 统：|  从 
语 言 到 选 择 \TU/TimesNewRoman(0)/m/it/12 (CULTURE AS A MEMETIC SYSTEM: FROM LANGU
AGE TO CHOICE) \TU/TimesNewRoman(0)/m/n/12 139
 []

[139]
Overfull \hbox (133.44421pt too wide) has occurred while \output is active
\TU/TimesNewRoman(0)/m/n/12 140 \TU/TimesNewRoman(0)/m/it/12 CHAPTER 7.  \TU/So
ngtiSC(0)/m/n/12 意 识 分 支 \TU/TimesNewRoman(0)/m/it/12 I\TU/SongtiSC(0)/m/n/12 ：
|  文 化 与 民 间 制 度 \TU/TimesNewRoman(0)/m/it/12 (CONSCIOUSNESS BRANCH I: CULTURE 
AND FOLK INSTITUTIONS)
 []

[140]
Overfull \hbox (118.19713pt too wide) has occurred while \output is active
\TU/TimesNewRoman(0)/m/it/12 7.1.  \TU/SongtiSC(0)/m/n/12 文 化 作 为 模 因 系 统：|  从 
语 言 到 选 择 \TU/TimesNewRoman(0)/m/it/12 (CULTURE AS A MEMETIC SYSTEM: FROM LANGU
AGE TO CHOICE) \TU/TimesNewRoman(0)/m/n/12 141
 []

[141]
Underfull \vbox (badness 10000) has occurred while \output is active []


Overfull \hbox (133.44421pt too wide) has occurred while \output is active
\TU/TimesNewRoman(0)/m/n/12 142 \TU/TimesNewRoman(0)/m/it/12 CHAPTER 7.  \TU/So
ngtiSC(0)/m/n/12 意 识 分 支 \TU/TimesNewRoman(0)/m/it/12 I\TU/SongtiSC(0)/m/n/12 ：
|  文 化 与 民 间 制 度 \TU/TimesNewRoman(0)/m/it/12 (CONSCIOUSNESS BRANCH I: CULTURE 
AND FOLK INSTITUTIONS)
 []

[142]
Overfull \hbox (118.19713pt too wide) has occurred while \output is active
\TU/TimesNewRoman(0)/m/it/12 7.1.  \TU/SongtiSC(0)/m/n/12 文 化 作 为 模 因 系 统：|  从 
语 言 到 选 择 \TU/TimesNewRoman(0)/m/it/12 (CULTURE AS A MEMETIC SYSTEM: FROM LANGU
AGE TO CHOICE) \TU/TimesNewRoman(0)/m/n/12 143
 []

[143]
Overfull \hbox (3.6736pt too wide) in paragraph at lines 225--225
[]\TU/SongtiSC(0)/b/n/17.28 道 德：|  高 频 行 为 的 短 编 码 压 缩 \TU/TimesNewRoman(0)/b/n
/17.28 (Morality: Short-Encoding
 []


Underfull \vbox (badness 1122) has occurred while \output is active []


Overfull \hbox (133.44421pt too wide) has occurred while \output is active
\TU/TimesNewRoman(0)/m/n/12 144 \TU/TimesNewRoman(0)/m/it/12 CHAPTER 7.  \TU/So
ngtiSC(0)/m/n/12 意 识 分 支 \TU/TimesNewRoman(0)/m/it/12 I\TU/SongtiSC(0)/m/n/12 ：
|  文 化 与 民 间 制 度 \TU/TimesNewRoman(0)/m/it/12 (CONSCIOUSNESS BRANCH I: CULTURE 
AND FOLK INSTITUTIONS)
 []

[144]
Overfull \hbox (101.69914pt too wide) has occurred while \output is active
\TU/TimesNewRoman(0)/m/it/12 7.2.  \TU/SongtiSC(0)/m/n/12 道 德：|  高 频 行 为 的 短 编 
码 压 缩 \TU/TimesNewRoman(0)/m/it/12 (MORALITY: SHORT-ENCODING OF HIGH-FREQUENCY 
BEHAVIORS) \TU/TimesNewRoman(0)/m/n/12 145
 []

[145]
Overfull \hbox (133.44421pt too wide) has occurred while \output is active
\TU/TimesNewRoman(0)/m/n/12 146 \TU/TimesNewRoman(0)/m/it/12 CHAPTER 7.  \TU/So
ngtiSC(0)/m/n/12 意 识 分 支 \TU/TimesNewRoman(0)/m/it/12 I\TU/SongtiSC(0)/m/n/12 ：
|  文 化 与 民 间 制 度 \TU/TimesNewRoman(0)/m/it/12 (CONSCIOUSNESS BRANCH I: CULTURE 
AND FOLK INSTITUTIONS)
 []

[146]
Overfull \hbox (30.10011pt too wide) has occurred while \output is active
\TU/TimesNewRoman(0)/m/it/12 7.3.  \TU/SongtiSC(0)/m/n/12 模 因 传 播：|  不 问 对 错，| 
 只 问 强 度 \TU/TimesNewRoman(0)/m/it/12 (MEMETIC TRANSMISSION: STRENGTH OVER TRUT
H) \TU/TimesNewRoman(0)/m/n/12 147
 []

[147]
Underfull \vbox (badness 4279) has occurred while \output is active []


Overfull \hbox (133.44421pt too wide) has occurred while \output is active
\TU/TimesNewRoman(0)/m/n/12 148 \TU/TimesNewRoman(0)/m/it/12 CHAPTER 7.  \TU/So
ngtiSC(0)/m/n/12 意 识 分 支 \TU/TimesNewRoman(0)/m/it/12 I\TU/SongtiSC(0)/m/n/12 ：
|  文 化 与 民 间 制 度 \TU/TimesNewRoman(0)/m/it/12 (CONSCIOUSNESS BRANCH I: CULTURE 
AND FOLK INSTITUTIONS)
 []

[148]
Overfull \hbox (30.10011pt too wide) has occurred while \output is active
\TU/TimesNewRoman(0)/m/it/12 7.3.  \TU/SongtiSC(0)/m/n/12 模 因 传 播：|  不 问 对 错，| 
 只 问 强 度 \TU/TimesNewRoman(0)/m/it/12 (MEMETIC TRANSMISSION: STRENGTH OVER TRUT
H) \TU/TimesNewRoman(0)/m/n/12 149
 []

[149]
Overfull \hbox (133.44421pt too wide) has occurred while \output is active
\TU/TimesNewRoman(0)/m/n/12 150 \TU/TimesNewRoman(0)/m/it/12 CHAPTER 7.  \TU/So
ngtiSC(0)/m/n/12 意 识 分 支 \TU/TimesNewRoman(0)/m/it/12 I\TU/SongtiSC(0)/m/n/12 ：
|  文 化 与 民 间 制 度 \TU/TimesNewRoman(0)/m/it/12 (CONSCIOUSNESS BRANCH I: CULTURE 
AND FOLK INSTITUTIONS)
 []

[150]
Overfull \hbox (158.38658pt too wide) has occurred while \output is active
\TU/TimesNewRoman(0)/m/it/12 7.4.  \TU/SongtiSC(0)/m/n/12 文 化 的 权 力 维 度：|  模 因 
如 何 塑 造 身 份 \TU/TimesNewRoman(0)/m/it/12 (THE POWER DIMENSION OF CULTURE: HOW M
EMES SHAPE IDENTITY) \TU/TimesNewRoman(0)/m/n/12 151
 []

[151]
Overfull \hbox (133.44421pt too wide) has occurred while \output is active
\TU/TimesNewRoman(0)/m/n/12 152 \TU/TimesNewRoman(0)/m/it/12 CHAPTER 7.  \TU/So
ngtiSC(0)/m/n/12 意 识 分 支 \TU/TimesNewRoman(0)/m/it/12 I\TU/SongtiSC(0)/m/n/12 ：
|  文 化 与 民 间 制 度 \TU/TimesNewRoman(0)/m/it/12 (CONSCIOUSNESS BRANCH I: CULTURE 
AND FOLK INSTITUTIONS)
 []

[152]
Overfull \hbox (158.38658pt too wide) has occurred while \output is active
\TU/TimesNewRoman(0)/m/it/12 7.4.  \TU/SongtiSC(0)/m/n/12 文 化 的 权 力 维 度：|  模 因 
如 何 塑 造 身 份 \TU/TimesNewRoman(0)/m/it/12 (THE POWER DIMENSION OF CULTURE: HOW M
EMES SHAPE IDENTITY) \TU/TimesNewRoman(0)/m/n/12 153
 []

[153]
Overfull \hbox (133.44421pt too wide) has occurred while \output is active
\TU/TimesNewRoman(0)/m/n/12 154 \TU/TimesNewRoman(0)/m/it/12 CHAPTER 7.  \TU/So
ngtiSC(0)/m/n/12 意 识 分 支 \TU/TimesNewRoman(0)/m/it/12 I\TU/SongtiSC(0)/m/n/12 ：
|  文 化 与 民 间 制 度 \TU/TimesNewRoman(0)/m/it/12 (CONSCIOUSNESS BRANCH I: CULTURE 
AND FOLK INSTITUTIONS)
 []

[154]
Overfull \hbox (158.38658pt too wide) has occurred while \output is active
\TU/TimesNewRoman(0)/m/it/12 7.4.  \TU/SongtiSC(0)/m/n/12 文 化 的 权 力 维 度：|  模 因 
如 何 塑 造 身 份 \TU/TimesNewRoman(0)/m/it/12 (THE POWER DIMENSION OF CULTURE: HOW M
EMES SHAPE IDENTITY) \TU/TimesNewRoman(0)/m/n/12 155
 []

[155]
Overfull \hbox (133.44421pt too wide) has occurred while \output is active
\TU/TimesNewRoman(0)/m/n/12 156 \TU/TimesNewRoman(0)/m/it/12 CHAPTER 7.  \TU/So
ngtiSC(0)/m/n/12 意 识 分 支 \TU/TimesNewRoman(0)/m/it/12 I\TU/SongtiSC(0)/m/n/12 ：
|  文 化 与 民 间 制 度 \TU/TimesNewRoman(0)/m/it/12 (CONSCIOUSNESS BRANCH I: CULTURE 
AND FOLK INSTITUTIONS)
 []

[156]
Overfull \hbox (158.38658pt too wide) has occurred while \output is active
\TU/TimesNewRoman(0)/m/it/12 7.4.  \TU/SongtiSC(0)/m/n/12 文 化 的 权 力 维 度：|  模 因 
如 何 塑 造 身 份 \TU/TimesNewRoman(0)/m/it/12 (THE POWER DIMENSION OF CULTURE: HOW M
EMES SHAPE IDENTITY) \TU/TimesNewRoman(0)/m/n/12 157
 []

[157]
Overfull \hbox (133.44421pt too wide) has occurred while \output is active
\TU/TimesNewRoman(0)/m/n/12 158 \TU/TimesNewRoman(0)/m/it/12 CHAPTER 7.  \TU/So
ngtiSC(0)/m/n/12 意 识 分 支 \TU/TimesNewRoman(0)/m/it/12 I\TU/SongtiSC(0)/m/n/12 ：
|  文 化 与 民 间 制 度 \TU/TimesNewRoman(0)/m/it/12 (CONSCIOUSNESS BRANCH I: CULTURE 
AND FOLK INSTITUTIONS)
 []

[158]
Overfull \hbox (158.38658pt too wide) has occurred while \output is active
\TU/TimesNewRoman(0)/m/it/12 7.4.  \TU/SongtiSC(0)/m/n/12 文 化 的 权 力 维 度：|  模 因 
如 何 塑 造 身 份 \TU/TimesNewRoman(0)/m/it/12 (THE POWER DIMENSION OF CULTURE: HOW M
EMES SHAPE IDENTITY) \TU/TimesNewRoman(0)/m/n/12 159
 []

[159]
Overfull \hbox (133.44421pt too wide) has occurred while \output is active
\TU/TimesNewRoman(0)/m/n/12 160 \TU/TimesNewRoman(0)/m/it/12 CHAPTER 7.  \TU/So
ngtiSC(0)/m/n/12 意 识 分 支 \TU/TimesNewRoman(0)/m/it/12 I\TU/SongtiSC(0)/m/n/12 ：
|  文 化 与 民 间 制 度 \TU/TimesNewRoman(0)/m/it/12 (CONSCIOUSNESS BRANCH I: CULTURE 
AND FOLK INSTITUTIONS)
 []

[160]
Underfull \vbox (badness 1127) has occurred while \output is active []


Overfull \hbox (158.38658pt too wide) has occurred while \output is active
\TU/TimesNewRoman(0)/m/it/12 7.4.  \TU/SongtiSC(0)/m/n/12 文 化 的 权 力 维 度：|  模 因 
如 何 塑 造 身 份 \TU/TimesNewRoman(0)/m/it/12 (THE POWER DIMENSION OF CULTURE: HOW M
EMES SHAPE IDENTITY) \TU/TimesNewRoman(0)/m/n/12 161
 []

[161]
Overfull \hbox (133.44421pt too wide) has occurred while \output is active
\TU/TimesNewRoman(0)/m/n/12 162 \TU/TimesNewRoman(0)/m/it/12 CHAPTER 7.  \TU/So
ngtiSC(0)/m/n/12 意 识 分 支 \TU/TimesNewRoman(0)/m/it/12 I\TU/SongtiSC(0)/m/n/12 ：
|  文 化 与 民 间 制 度 \TU/TimesNewRoman(0)/m/it/12 (CONSCIOUSNESS BRANCH I: CULTURE 
AND FOLK INSTITUTIONS)
 []

[162]
Overfull \hbox (158.38658pt too wide) has occurred while \output is active
\TU/TimesNewRoman(0)/m/it/12 7.4.  \TU/SongtiSC(0)/m/n/12 文 化 的 权 力 维 度：|  模 因 
如 何 塑 造 身 份 \TU/TimesNewRoman(0)/m/it/12 (THE POWER DIMENSION OF CULTURE: HOW M
EMES SHAPE IDENTITY) \TU/TimesNewRoman(0)/m/n/12 163
 []

[163]
Overfull \hbox (5.28519pt too wide) in paragraph at lines 797--797
[]\TU/SongtiSC(0)/b/n/17.28 文 化 的 边 界：|  当 模 因 不 够 用 \TU/TimesNewRoman(0)/b/n/1
7.28 (The Limits of Culture: When
 []


Overfull \hbox (133.44421pt too wide) has occurred while \output is active
\TU/TimesNewRoman(0)/m/n/12 164 \TU/TimesNewRoman(0)/m/it/12 CHAPTER 7.  \TU/So
ngtiSC(0)/m/n/12 意 识 分 支 \TU/TimesNewRoman(0)/m/it/12 I\TU/SongtiSC(0)/m/n/12 ：
|  文 化 与 民 间 制 度 \TU/TimesNewRoman(0)/m/it/12 (CONSCIOUSNESS BRANCH I: CULTURE 
AND FOLK INSTITUTIONS)
 []

[164]
Overfull \hbox (55.74205pt too wide) has occurred while \output is active
\TU/TimesNewRoman(0)/m/it/12 7.5.  \TU/SongtiSC(0)/m/n/12 文 化 的 边 界：|  当 模 因 不 
够 用 \TU/TimesNewRoman(0)/m/it/12 (THE LIMITS OF CULTURE: WHEN MEMES ARE NOT ENO
UGH) \TU/TimesNewRoman(0)/m/n/12 165
 []

[165]
Overfull \hbox (133.44421pt too wide) has occurred while \output is active
\TU/TimesNewRoman(0)/m/n/12 166 \TU/TimesNewRoman(0)/m/it/12 CHAPTER 7.  \TU/So
ngtiSC(0)/m/n/12 意 识 分 支 \TU/TimesNewRoman(0)/m/it/12 I\TU/SongtiSC(0)/m/n/12 ：
|  文 化 与 民 间 制 度 \TU/TimesNewRoman(0)/m/it/12 (CONSCIOUSNESS BRANCH I: CULTURE 
AND FOLK INSTITUTIONS)
 []

[166]
Overfull \hbox (55.74205pt too wide) has occurred while \output is active
\TU/TimesNewRoman(0)/m/it/12 7.5.  \TU/SongtiSC(0)/m/n/12 文 化 的 边 界：|  当 模 因 不 
够 用 \TU/TimesNewRoman(0)/m/it/12 (THE LIMITS OF CULTURE: WHEN MEMES ARE NOT ENO
UGH) \TU/TimesNewRoman(0)/m/n/12 167
 []

[167]
Overfull \hbox (133.44421pt too wide) has occurred while \output is active
\TU/TimesNewRoman(0)/m/n/12 168 \TU/TimesNewRoman(0)/m/it/12 CHAPTER 7.  \TU/So
ngtiSC(0)/m/n/12 意 识 分 支 \TU/TimesNewRoman(0)/m/it/12 I\TU/SongtiSC(0)/m/n/12 ：
|  文 化 与 民 间 制 度 \TU/TimesNewRoman(0)/m/it/12 (CONSCIOUSNESS BRANCH I: CULTURE 
AND FOLK INSTITUTIONS)
 []

[168]
Overfull \hbox (55.74205pt too wide) has occurred while \output is active
\TU/TimesNewRoman(0)/m/it/12 7.5.  \TU/SongtiSC(0)/m/n/12 文 化 的 边 界：|  当 模 因 不 
够 用 \TU/TimesNewRoman(0)/m/it/12 (THE LIMITS OF CULTURE: WHEN MEMES ARE NOT ENO
UGH) \TU/TimesNewRoman(0)/m/n/12 169
 []

[169]
Overfull \hbox (133.44421pt too wide) has occurred while \output is active
\TU/TimesNewRoman(0)/m/n/12 170 \TU/TimesNewRoman(0)/m/it/12 CHAPTER 7.  \TU/So
ngtiSC(0)/m/n/12 意 识 分 支 \TU/TimesNewRoman(0)/m/it/12 I\TU/SongtiSC(0)/m/n/12 ：
|  文 化 与 民 间 制 度 \TU/TimesNewRoman(0)/m/it/12 (CONSCIOUSNESS BRANCH I: CULTURE 
AND FOLK INSTITUTIONS)
 []

[170]
Underfull \vbox (badness 4266) has occurred while \output is active []


Overfull \hbox (55.74205pt too wide) has occurred while \output is active
\TU/TimesNewRoman(0)/m/it/12 7.5.  \TU/SongtiSC(0)/m/n/12 文 化 的 边 界：|  当 模 因 不 
够 用 \TU/TimesNewRoman(0)/m/it/12 (THE LIMITS OF CULTURE: WHEN MEMES ARE NOT ENO
UGH) \TU/TimesNewRoman(0)/m/n/12 171
 []

[171]
Overfull \hbox (10.15231pt too wide) in paragraph at lines 1039--1039
[]\TU/SongtiSC(0)/b/it/14.4 当 文 化 模 因 遇 到 权 力 结 构 \TU/TimesNewRoman(0)/b/n/14.4
 (When Cultural Memes Meet Power Struc-
 []


Underfull \vbox (badness 10000) has occurred while \output is active []


Overfull \hbox (133.44421pt too wide) has occurred while \output is active
\TU/TimesNewRoman(0)/m/n/12 172 \TU/TimesNewRoman(0)/m/it/12 CHAPTER 7.  \TU/So
ngtiSC(0)/m/n/12 意 识 分 支 \TU/TimesNewRoman(0)/m/it/12 I\TU/SongtiSC(0)/m/n/12 ：
|  文 化 与 民 间 制 度 \TU/TimesNewRoman(0)/m/it/12 (CONSCIOUSNESS BRANCH I: CULTURE 
AND FOLK INSTITUTIONS)
 []

[172]
Overfull \hbox (55.74205pt too wide) has occurred while \output is active
\TU/TimesNewRoman(0)/m/it/12 7.5.  \TU/SongtiSC(0)/m/n/12 文 化 的 边 界：|  当 模 因 不 
够 用 \TU/TimesNewRoman(0)/m/it/12 (THE LIMITS OF CULTURE: WHEN MEMES ARE NOT ENO
UGH) \TU/TimesNewRoman(0)/m/n/12 173
 []

[173]
Overfull \hbox (133.44421pt too wide) has occurred while \output is active
\TU/TimesNewRoman(0)/m/n/12 174 \TU/TimesNewRoman(0)/m/it/12 CHAPTER 7.  \TU/So
ngtiSC(0)/m/n/12 意 识 分 支 \TU/TimesNewRoman(0)/m/it/12 I\TU/SongtiSC(0)/m/n/12 ：
|  文 化 与 民 间 制 度 \TU/TimesNewRoman(0)/m/it/12 (CONSCIOUSNESS BRANCH I: CULTURE 
AND FOLK INSTITUTIONS)
 []

[174]
Overfull \hbox (1.2822pt too wide) in paragraph at lines 1119--1119
[]\TU/SongtiSC(0)/b/it/14.4 章 尾：|  从 文 化 模 因 到 经 济 退 化 \TU/TimesNewRoman(0)/b/n
/14.4 (Chapter End: From Cultural Memes
 []


Overfull \hbox (55.74205pt too wide) has occurred while \output is active
\TU/TimesNewRoman(0)/m/it/12 7.5.  \TU/SongtiSC(0)/m/n/12 文 化 的 边 界：|  当 模 因 不 
够 用 \TU/TimesNewRoman(0)/m/it/12 (THE LIMITS OF CULTURE: WHEN MEMES ARE NOT ENO
UGH) \TU/TimesNewRoman(0)/m/n/12 175
 []

[175]
Overfull \hbox (133.44421pt too wide) has occurred while \output is active
\TU/TimesNewRoman(0)/m/n/12 176 \TU/TimesNewRoman(0)/m/it/12 CHAPTER 7.  \TU/So
ngtiSC(0)/m/n/12 意 识 分 支 \TU/TimesNewRoman(0)/m/it/12 I\TU/SongtiSC(0)/m/n/12 ：
|  文 化 与 民 间 制 度 \TU/TimesNewRoman(0)/m/it/12 (CONSCIOUSNESS BRANCH I: CULTURE 
AND FOLK INSTITUTIONS)
 []

[176]
Overfull \hbox (55.74205pt too wide) has occurred while \output is active
\TU/TimesNewRoman(0)/m/it/12 7.5.  \TU/SongtiSC(0)/m/n/12 文 化 的 边 界：|  当 模 因 不 
够 用 \TU/TimesNewRoman(0)/m/it/12 (THE LIMITS OF CULTURE: WHEN MEMES ARE NOT ENO
UGH) \TU/TimesNewRoman(0)/m/n/12 177
 []

[177]) (./part3_systematic_expansion/chapter3_politics_power_structure.tex
Overfull \hbox (133.44421pt too wide) has occurred while \output is active
\TU/TimesNewRoman(0)/m/n/12 178 \TU/TimesNewRoman(0)/m/it/12 CHAPTER 7.  \TU/So
ngtiSC(0)/m/n/12 意 识 分 支 \TU/TimesNewRoman(0)/m/it/12 I\TU/SongtiSC(0)/m/n/12 ：
|  文 化 与 民 间 制 度 \TU/TimesNewRoman(0)/m/it/12 (CONSCIOUSNESS BRANCH I: CULTURE 
AND FOLK INSTITUTIONS)
 []

[178]
Chapter 8.

Underfull \vbox (badness 10000) has occurred while \output is active []

 [179

]
[180]
Overfull \hbox (265.96567pt too wide) has occurred while \output is active
\TU/TimesNewRoman(0)/m/it/12 8.1.  \TU/SongtiSC(0)/m/n/12 权 力 的 本 质：|  交 换 网 络 
中 的 依 赖 与 认 同 \TU/TimesNewRoman(0)/m/it/12 (THE ESSENCE OF POWER: DEPENDENCE AN
D RECOGNITION IN EXCHANGE NETWORKS) \TU/TimesNewRoman(0)/m/n/12 181
 []

[181] [182]
Overfull \hbox (133.12393pt too wide) has occurred while \output is active
\TU/TimesNewRoman(0)/m/it/12 8.2.  \TU/SongtiSC(0)/m/n/12 组 织 的 抽 象：|  从 个 人 魅 
力 到 机 构 权 威 \TU/TimesNewRoman(0)/m/it/12 (INSTITUTIONAL ABSTRACTION: FROM CHARI
SMA TO AUTHORITY) \TU/TimesNewRoman(0)/m/n/12 183
 []

[183]
Underfull \vbox (badness 3250) has occurred while \output is active []

 [184]
Overfull \hbox (68.64929pt too wide) has occurred while \output is active
\TU/TimesNewRoman(0)/m/it/12 8.3.  \TU/SongtiSC(0)/m/n/12 博 弈 与 制 衡：|  权 力 系 统 
的 动 力 学 \TU/TimesNewRoman(0)/m/it/12 (GAME AND CHECKS: THE DYNAMICS OF POWER SY
STEMS) \TU/TimesNewRoman(0)/m/n/12 185
 []

[185] [186]
Overfull \hbox (68.64929pt too wide) has occurred while \output is active
\TU/TimesNewRoman(0)/m/it/12 8.3.  \TU/SongtiSC(0)/m/n/12 博 弈 与 制 衡：|  权 力 系 统 
的 动 力 学 \TU/TimesNewRoman(0)/m/it/12 (GAME AND CHECKS: THE DYNAMICS OF POWER SY
STEMS) \TU/TimesNewRoman(0)/m/n/12 187
 []

[187]) (./part3_systematic_expansion/chapter4_law_institutional_form.tex
[188]
Chapter 9.

Overfull \hbox (20.82587pt too wide) in paragraph at lines 19--19
[]\TU/SongtiSC(0)/b/n/17.28 法 律 的 变 长 编 码 属 性 \TU/TimesNewRoman(0)/b/n/17.28 (T
he Variable-Length Encoding Prop-
 []

[189

] [190]
Overfull \hbox (282.11314pt too wide) has occurred while \output is active
\TU/TimesNewRoman(0)/m/it/12 9.2.  \TU/SongtiSC(0)/m/n/12 责 任 的 归 因：|  基 于 条 件 
概 率 的 定 责 逻 辑 \TU/TimesNewRoman(0)/m/it/12 (ATTRIBUTION OF RESPONSIBILITY: CAUS
AL LOGIC BASED ON CONDITIONAL PROBABILITY) \TU/TimesNewRoman(0)/m/n/12 191
 []

[191] [192]
Overfull \hbox (282.11314pt too wide) has occurred while \output is active
\TU/TimesNewRoman(0)/m/it/12 9.2.  \TU/SongtiSC(0)/m/n/12 责 任 的 归 因：|  基 于 条 件 
概 率 的 定 责 逻 辑 \TU/TimesNewRoman(0)/m/it/12 (ATTRIBUTION OF RESPONSIBILITY: CAUS
AL LOGIC BASED ON CONDITIONAL PROBABILITY) \TU/TimesNewRoman(0)/m/n/12 193
 []

[193] [194]
Underfull \vbox (badness 10000) has occurred while \output is active []


Overfull \hbox (282.11314pt too wide) has occurred while \output is active
\TU/TimesNewRoman(0)/m/it/12 9.2.  \TU/SongtiSC(0)/m/n/12 责 任 的 归 因：|  基 于 条 件 
概 率 的 定 责 逻 辑 \TU/TimesNewRoman(0)/m/it/12 (ATTRIBUTION OF RESPONSIBILITY: CAUS
AL LOGIC BASED ON CONDITIONAL PROBABILITY) \TU/TimesNewRoman(0)/m/n/12 195
 []

[195] [196]
Underfull \vbox (badness 10000) has occurred while \output is active []


Overfull \hbox (282.11314pt too wide) has occurred while \output is active
\TU/TimesNewRoman(0)/m/it/12 9.2.  \TU/SongtiSC(0)/m/n/12 责 任 的 归 因：|  基 于 条 件 
概 率 的 定 责 逻 辑 \TU/TimesNewRoman(0)/m/it/12 (ATTRIBUTION OF RESPONSIBILITY: CAUS
AL LOGIC BASED ON CONDITIONAL PROBABILITY) \TU/TimesNewRoman(0)/m/n/12 197
 []

[197] [198]
Overfull \hbox (362.64389pt too wide) has occurred while \output is active
\TU/TimesNewRoman(0)/m/it/12 9.3.  \TU/SongtiSC(0)/m/n/12 统 一 视 角：|  文 化、|  经 济
、|  政 治、|  法 律 的 嵌 套 关 系 \TU/TimesNewRoman(0)/m/it/12 (A UNIFIED PERSPECTIVE: T
HE NESTED RELATIONSHIP OF CULTURE, ECONOMY, POLITICS, AND LAW) \TU/TimesNewRoma
n(0)/m/n/12 199
 []

[199]) [200] [201

] (./conclusion/circular_closure.tex
Chapter 10.

Underfull \vbox (badness 8170) has occurred while \output is active []

 [202

])
(./appendix/appendix_V_math.tex [203]
附录 A.

Package fontspec Info: 
(fontspec)             Script 'CJK' not explicitly supported within font
(fontspec)             'Songti SC'. Check the typeset output, and if it is
(fontspec)             okay then ignore this warning. Otherwise a different
(fontspec)             font should be chosen.


Underfull \vbox (badness 6110) has occurred while \output is active []

 [204

]
(./appendix/appendix/chapter1_existence_dynamics.tex [205]
附录 B.
[206

]) (./appendix/appendix/chapter2_structure_info.tex [207]
附录 C.

Overfull \hbox (117.51056pt too wide) in paragraph at lines 24--25
 [][] 
 []

[208

]) (./appendix/appendix/chapter3_history_probability.tex [209]
附录 D.

Underfull \vbox (badness 4634) has occurred while \output is active []

 [210

])
(./appendix/appendix/chapter4_selforg_dynamics.tex [211]
附录 E.

Underfull \vbox (badness 10000) has occurred while \output is active []

 [212

])
(./appendix/appendix/chapter5_checklist.tex [213]
附录 F.
[214

])) [215] (./backmatter/acknowledgements_gift.tex) [216


] (./main.aux)
 ***********
LaTeX2e <2025-11-01>
L3 programming layer <2022/08/05>
 ***********


LaTeX Font Warning: Some font shapes were not available, defaults substituted.

Package rerunfilecheck Info: File `main.out' has not changed.
(rerunfilecheck)             Checksum: DD09F062122789CB14E9583AD79451F0;46871.
 ) 
Here is how much of TeX's memory you used:
 39410 strings out of 468168
 930459 string characters out of 5423555
 1442515 words of memory out of 5000000
 67419 multiletter control sequences out of 15000+600000
 634861 words of font info for 159 fonts, out of 8000000 for 9000
 1348 hyphenation exceptions out of 8191
 102i,16n,107p,745b,2060s stack positions out of 10000i,1000n,20000p,200000b,200000s

Output written on main.pdf (228 pages).
